model,bearing_id,early_error_over_life,final40_error_over_life
attention,B02,0.588142080139459,0.2983303736552219
attention,B03,0.3627057588204629,0.3504350977409466
attention,B04,0.09280127685803703,0.07288699586369712
attention,B08,0.472160799628065,0.06676157563451593
attention,B10,0.4592649410504077,0.15502366009451557
attention,B11,0.7356780354240338,0.14498162924556224
attention,B12,0.7314706194894385,0.10020766489110297
attention,B17,0.2996451370245649,0.029997953231717316
competing_stop,B02,1.0243224278880512,0.4936115310167316
competing_stop,B03,0.3903299503797516,0.635695056269372
competing_stop,B04,0.28705565076944406,0.05258995418041231
competing_stop,B08,0.5113695264673059,0.12019430307915187
competing_stop,B10,0.2855468073791266,0.04124572355482512
competing_stop,B11,0.1906004186867065,0.20393956843015373
competing_stop,B12,1.1059335386661868,0.3064058967377006
competing_stop,B17,0.38468333311355896,0.04803268234627391
competing_threshold,B02,1.7997433216008807,2.6660115198065224
competing_threshold,B03,0.6571537837632447,0.655729307953527
competing_threshold,B04,1.9932072960497207,1.4927125057081252
competing_threshold,B08,0.9787813653093105,1.2565197367963115
competing_threshold,B10,0.7603676207346536,0.8181023632394403
competing_threshold,B11,0.7887848023468187,2.0992458592161554
competing_threshold,B12,0.42951394565208784,0.5014148707002681
competing_threshold,B17,1.2596629618384045,1.1329266486391807
context_only,B02,0.7591291724545868,0.8588913100487643
context_only,B03,0.7244204839789488,0.7432395961298991
context_only,B04,0.26696356695235046,0.21541664628991924
context_only,B08,0.48378256711041284,0.18806116742204784
context_only,B10,0.41038642065305103,0.15665805399994376
context_only,B11,0.28155060493015527,0.9576650867807285
context_only,B12,2.4389205759222468,2.441742763981402
context_only,B17,0.09847039395299383,0.151556620753155
custom_boosting,B02,1.0245349591301758,0.9632629366670579
custom_boosting,B03,0.9575455630977079,0.9177475135398007
custom_boosting,B04,0.17977391859366046,0.10877834363592366
custom_boosting,B08,0.4399981962126844,0.06434309700619326
custom_boosting,B10,0.3927714681417563,0.06441791863085253
custom_boosting,B11,0.4288099564389117,0.6649561237389991
custom_boosting,B12,1.1694130848529587,0.9631402392650459
custom_boosting,B17,0.4452477615171482,0.08258829837854872
degradation,B02,3.222604412444085,2.2307873151402173
degradation,B03,0.6994662578568431,0.19919439141295284
degradation,B04,0.9058087961663789,0.16763134153274595
degradation,B08,0.6060097513591848,0.18273237098312348
degradation,B10,0.864589489912616,1.0144310400073318
degradation,B11,3.315012634665982,3.7287858463113475
degradation,B12,10.47014226891099,8.70408246417657
degradation,B17,0.6675372616041437,0.7940438749141792
elapsed_clock,B02,0.4474239881863547,0.5988504594326156
elapsed_clock,B03,0.4321256074269303,0.6016112171740943
elapsed_clock,B04,0.4476850091107247,0.6023500322265318
elapsed_clock,B08,0.4352309466805804,0.5975300939783195
elapsed_clock,B10,0.41059014385938797,0.600375512184676
elapsed_clock,B11,0.43392135399634335,0.6018536394826778
elapsed_clock,B12,0.43383110732215585,0.6000624498804228
elapsed_clock,B17,0.43438994581808354,0.5994445748978373
random_forest,B02,1.100010771867448,0.6013273118325037
random_forest,B03,0.937585486889447,0.8431308082275754
random_forest,B04,0.17014247860328383,0.09854703407528446
random_forest,B08,0.45336853375075853,0.0682584921929886
random_forest,B10,0.39500022058356393,0.04904649616135895
random_forest,B11,0.48097006145393145,0.7092890082464373
random_forest,B12,0.5365691529156972,0.08496423459000083
random_forest,B17,0.3406291340484716,0.046097077801851766
representation,B02,0.5578195878421351,0.23607242871087572
representation,B03,0.49275439941777843,0.23598988675575958
representation,B04,0.16248880706609384,0.09322810944381212
representation,B08,0.4809038651986026,0.08147534695958861
representation,B10,0.4565336258759484,0.09210439044364101
representation,B11,0.12380074684011284,0.09776393191847314
representation,B12,0.88481194863124,0.060850793855641384
representation,B17,0.3544462257870037,0.07341360376255035
standard_boosting,B02,1.111047736752942,0.7962769822581911
standard_boosting,B03,1.426202252760899,0.9034719470663796
standard_boosting,B04,0.11910084696564273,0.06529579553878814
standard_boosting,B08,0.503062686418952,0.07120996573943646
standard_boosting,B10,0.38327175422675924,0.04540607550406637
standard_boosting,B11,0.395475798652057,0.812047617889504
standard_boosting,B12,1.1373928513148623,0.37906005265469056
standard_boosting,B17,0.21541626713404224,0.0962582994531455
subspace_ridge,B02,0.7204200284364622,1.0650566333763316
subspace_ridge,B03,2.2109196713570802,2.134941693734674
subspace_ridge,B04,0.11388937762907567,0.18935435035853468
subspace_ridge,B08,0.3560252374128969,0.1545913865933248
subspace_ridge,B10,0.4262897258735395,0.18465958395227955
subspace_ridge,B11,0.9913127603354353,0.9355112425281179
subspace_ridge,B12,2.0254172229634753,0.9118470266833513
subspace_ridge,B17,0.09445572520759074,0.1013022527077122
tcn,B02,0.6616020334432429,0.4185100612073042
tcn,B03,0.35001163318635,0.17830711012947909
tcn,B04,0.1390287811724934,0.07101956799587185
tcn,B08,0.4879587011227899,0.08718347565010925
tcn,B10,0.45614403433182565,0.15514056833683135
tcn,B11,0.43488318651164065,0.26132952657094055
tcn,B12,1.2049102743203566,0.0641922116312902
tcn,B17,0.47449997626226603,0.13207791927726173
temperature_only,B02,1.9071925202413254,2.4091875338700697
temperature_only,B03,0.2914202209413487,0.7217653576815278
temperature_only,B04,0.17465041405072032,0.44504223334854054
temperature_only,B08,0.5108935438702503,0.16817325357591983
temperature_only,B10,0.5475597120864635,0.16159291287910216
temperature_only,B11,1.1144962943710877,1.1745251006911854
temperature_only,B12,2.2599767810717957,1.4691906609383494
temperature_only,B17,0.2601636149536551,0.12144721836209835
time_only,B02,0.8914989367489244,0.8914989367489244
time_only,B03,1.7493305692320982,1.7493305692320982
time_only,B04,0.01404261543712518,0.01377627312016249
time_only,B08,0.46707945015261937,0.20123495301084032
time_only,B10,0.6206193695249775,0.19981224390766208
time_only,B11,0.35565050739891296,0.19671084277728704
time_only,B12,2.4672113289760347,2.4672113289760347
time_only,B17,0.45857603953606124,0.20027771255108132
