control,bearing_id,nMAE,late_MAE_hours
conditional mean residual life,B02,1.2555428332339833,8.10548611111111
conditional median residual life,B02,1.1646205043587357,7.909305555555557
conditional mean residual life,B03,2.389500973372172,8.100566085693536
conditional median residual life,B03,1.9952365397076477,7.21230936819172
conditional mean residual life,B04,0.5402428832531638,4.440734995944849
conditional median residual life,B04,0.28393349751516894,3.0492579075425787
conditional mean residual life,B08,0.38844207429357697,5.464662458836442
conditional median residual life,B08,0.5009390361890199,5.675112513721185
conditional mean residual life,B10,0.2759234840321967,2.5629808653077544
conditional median residual life,B10,0.30585060345645576,2.5629808653077544
conditional mean residual life,B11,0.2877648861474729,4.700838090774824
conditional median residual life,B11,0.3946945866654917,4.491297148375369
conditional mean residual life,B12,2.715642701525054,6.924888888888887
conditional median residual life,B12,2.467211328976035,6.291388888888888
conditional mean residual life,B17,0.2378334525019258,2.4376335000813407
conditional median residual life,B17,0.2832956530676752,2.604833760370913
