scenario,model,criterion,first_rank_fraction
vibration_common7,attention,nMAE,0.719
vibration_common7,custom_boosting,nMAE,0.0
vibration_common7,random_forest,nMAE,0.0073
vibration_common7,representation,nMAE,0.1956
vibration_common7,standard_boosting,nMAE,0.002
vibration_common7,subspace_ridge,nMAE,0.0754
vibration_common7,tcn,nMAE,0.0007
vibration_common7,attention,MAE_hours,0.4785
vibration_common7,custom_boosting,MAE_hours,0.0
vibration_common7,random_forest,MAE_hours,0.0098
vibration_common7,representation,MAE_hours,0.431
vibration_common7,standard_boosting,MAE_hours,0.0026
vibration_common7,subspace_ridge,MAE_hours,0.063
vibration_common7,tcn,MAE_hours,0.0151
vibration_common7,attention,normalized_interval_score,0.6177
vibration_common7,custom_boosting,normalized_interval_score,0.0
vibration_common7,random_forest,normalized_interval_score,0.0537
vibration_common7,representation,normalized_interval_score,0.0864
vibration_common7,standard_boosting,normalized_interval_score,0.0105
vibration_common7,subspace_ridge,normalized_interval_score,0.2166
vibration_common7,tcn,normalized_interval_score,0.0151
vibration_common7,attention,interval_score_hours,0.2895
vibration_common7,custom_boosting,interval_score_hours,0.0009
vibration_common7,random_forest,interval_score_hours,0.1453
vibration_common7,representation,interval_score_hours,0.2341
vibration_common7,standard_boosting,interval_score_hours,0.0382
vibration_common7,subspace_ridge,interval_score_hours,0.28
vibration_common7,tcn,interval_score_hours,0.012
vibration_common7,attention,asymmetric_5,0.8591
vibration_common7,custom_boosting,asymmetric_5,0.0
vibration_common7,random_forest,asymmetric_5,0.004
vibration_common7,representation,asymmetric_5,0.1032
vibration_common7,standard_boosting,asymmetric_5,0.0
vibration_common7,subspace_ridge,asymmetric_5,0.0271
vibration_common7,tcn,asymmetric_5,0.0066
vibration_common7,attention,asymmetric_10,0.8605
vibration_common7,custom_boosting,asymmetric_10,0.0
vibration_common7,random_forest,asymmetric_10,0.0047
vibration_common7,representation,asymmetric_10,0.0951
vibration_common7,standard_boosting,asymmetric_10,0.0
vibration_common7,subspace_ridge,asymmetric_10,0.0217
vibration_common7,tcn,asymmetric_10,0.018
vibration_common7,attention,coverage_error,0.195
vibration_common7,custom_boosting,coverage_error,0.0067
vibration_common7,random_forest,coverage_error,0.0887
vibration_common7,representation,coverage_error,0.089
vibration_common7,standard_boosting,coverage_error,0.2836
vibration_common7,subspace_ridge,coverage_error,0.1829
vibration_common7,tcn,coverage_error,0.1541
vibration_common7,attention,alpha_lambda_accuracy,0.010144999999999989
vibration_common7,custom_boosting,alpha_lambda_accuracy,0.0005866666666666665
vibration_common7,random_forest,alpha_lambda_accuracy,0.23408666666666664
vibration_common7,representation,alpha_lambda_accuracy,0.0724116666666668
vibration_common7,standard_boosting,alpha_lambda_accuracy,0.6827699999999987
vibration_common7,subspace_ridge,alpha_lambda_accuracy,0.0
vibration_common7,tcn,alpha_lambda_accuracy,0.0
vibration_common7,attention,prognostic_horizon_fraction,0.048371428571431965
vibration_common7,custom_boosting,prognostic_horizon_fraction,0.048371428571431965
vibration_common7,random_forest,prognostic_horizon_fraction,0.048371428571431965
vibration_common7,representation,prognostic_horizon_fraction,0.7097714285714093
vibration_common7,standard_boosting,prognostic_horizon_fraction,0.048371428571431965
vibration_common7,subspace_ridge,prognostic_horizon_fraction,0.048371428571431965
vibration_common7,tcn,prognostic_horizon_fraction,0.048371428571431965
endpoint_common7,attention,nMAE,0.2834
endpoint_common7,custom_boosting,nMAE,0.0
endpoint_common7,random_forest,nMAE,0.0344
endpoint_common7,representation,nMAE,0.6639
endpoint_common7,standard_boosting,nMAE,0.0021
endpoint_common7,subspace_ridge,nMAE,0.0019
endpoint_common7,tcn,nMAE,0.0143
endpoint_common7,attention,MAE_hours,0.2172
endpoint_common7,custom_boosting,MAE_hours,0.0002
endpoint_common7,random_forest,MAE_hours,0.0414
endpoint_common7,representation,MAE_hours,0.7073
endpoint_common7,standard_boosting,MAE_hours,0.0211
endpoint_common7,subspace_ridge,MAE_hours,0.0113
endpoint_common7,tcn,MAE_hours,0.0015
endpoint_common7,attention,normalized_interval_score,0.458
endpoint_common7,custom_boosting,normalized_interval_score,0.02
endpoint_common7,random_forest,normalized_interval_score,0.1335
endpoint_common7,representation,normalized_interval_score,0.2283
endpoint_common7,standard_boosting,normalized_interval_score,0.0004
endpoint_common7,subspace_ridge,normalized_interval_score,0.017
endpoint_common7,tcn,normalized_interval_score,0.1428
endpoint_common7,attention,interval_score_hours,0.5006
endpoint_common7,custom_boosting,interval_score_hours,0.0075
endpoint_common7,random_forest,interval_score_hours,0.0689
endpoint_common7,representation,interval_score_hours,0.2431
endpoint_common7,standard_boosting,interval_score_hours,0.011
endpoint_common7,subspace_ridge,interval_score_hours,0.0322
endpoint_common7,tcn,interval_score_hours,0.1367
endpoint_common7,attention,asymmetric_5,0.2882
endpoint_common7,custom_boosting,asymmetric_5,0.0
endpoint_common7,random_forest,asymmetric_5,0.0216
endpoint_common7,representation,asymmetric_5,0.6666
endpoint_common7,standard_boosting,asymmetric_5,0.0
endpoint_common7,subspace_ridge,asymmetric_5,0.0009
endpoint_common7,tcn,asymmetric_5,0.0227
endpoint_common7,attention,asymmetric_10,0.2904
endpoint_common7,custom_boosting,asymmetric_10,0.0
endpoint_common7,random_forest,asymmetric_10,0.0211
endpoint_common7,representation,asymmetric_10,0.6644
endpoint_common7,standard_boosting,asymmetric_10,0.0
endpoint_common7,subspace_ridge,asymmetric_10,0.0002
endpoint_common7,tcn,asymmetric_10,0.0239
endpoint_common7,attention,coverage_error,0.2031
endpoint_common7,custom_boosting,coverage_error,0.0366
endpoint_common7,random_forest,coverage_error,0.1462
endpoint_common7,representation,coverage_error,0.3937
endpoint_common7,standard_boosting,coverage_error,0.0781
endpoint_common7,subspace_ridge,coverage_error,0.053
endpoint_common7,tcn,coverage_error,0.0893
endpoint_common7,attention,alpha_lambda_accuracy,0.3472866666666688
endpoint_common7,custom_boosting,alpha_lambda_accuracy,0.15761833333333242
endpoint_common7,random_forest,alpha_lambda_accuracy,0.1459716666666663
endpoint_common7,representation,alpha_lambda_accuracy,0.03339166666666663
endpoint_common7,standard_boosting,alpha_lambda_accuracy,0.22108833333333236
endpoint_common7,subspace_ridge,alpha_lambda_accuracy,0.07206000000000017
endpoint_common7,tcn,alpha_lambda_accuracy,0.022583333333333344
endpoint_common7,attention,prognostic_horizon_fraction,0.14285714285712592
endpoint_common7,custom_boosting,prognostic_horizon_fraction,0.14285714285712592
endpoint_common7,random_forest,prognostic_horizon_fraction,0.14285714285712592
endpoint_common7,representation,prognostic_horizon_fraction,0.14285714285712592
endpoint_common7,standard_boosting,prognostic_horizon_fraction,0.14285714285712592
endpoint_common7,subspace_ridge,prognostic_horizon_fraction,0.14285714285712592
endpoint_common7,tcn,prognostic_horizon_fraction,0.14285714285712592
endpoint_all8,attention,nMAE,0.2813
endpoint_all8,competing_stop,nMAE,0.0122
endpoint_all8,custom_boosting,nMAE,0.0
endpoint_all8,random_forest,nMAE,0.0343
endpoint_all8,representation,nMAE,0.6546
endpoint_all8,standard_boosting,nMAE,0.0018
endpoint_all8,subspace_ridge,nMAE,0.0019
endpoint_all8,tcn,nMAE,0.0139
endpoint_all8,attention,MAE_hours,0.1989
endpoint_all8,competing_stop,MAE_hours,0.1886
endpoint_all8,custom_boosting,MAE_hours,0.0001
endpoint_all8,random_forest,MAE_hours,0.018
endpoint_all8,representation,MAE_hours,0.5743
endpoint_all8,standard_boosting,MAE_hours,0.0082
endpoint_all8,subspace_ridge,MAE_hours,0.0111
endpoint_all8,tcn,MAE_hours,0.0008
endpoint_all8,attention,normalized_interval_score,0.3633
endpoint_all8,competing_stop,normalized_interval_score,0.3134
endpoint_all8,custom_boosting,normalized_interval_score,0.0061
endpoint_all8,random_forest,normalized_interval_score,0.0311
endpoint_all8,representation,normalized_interval_score,0.1382
endpoint_all8,standard_boosting,normalized_interval_score,0.0004
endpoint_all8,subspace_ridge,normalized_interval_score,0.017
endpoint_all8,tcn,normalized_interval_score,0.1305
endpoint_all8,attention,interval_score_hours,0.4833
endpoint_all8,competing_stop,interval_score_hours,0.0563
endpoint_all8,custom_boosting,interval_score_hours,0.0071
endpoint_all8,random_forest,interval_score_hours,0.0572
endpoint_all8,representation,interval_score_hours,0.2364
endpoint_all8,standard_boosting,interval_score_hours,0.011
endpoint_all8,subspace_ridge,interval_score_hours,0.0322
endpoint_all8,tcn,interval_score_hours,0.1165
endpoint_all8,attention,asymmetric_5,0.2882
endpoint_all8,competing_stop,asymmetric_5,0.0002
endpoint_all8,custom_boosting,asymmetric_5,0.0
endpoint_all8,random_forest,asymmetric_5,0.0214
endpoint_all8,representation,asymmetric_5,0.6666
endpoint_all8,standard_boosting,asymmetric_5,0.0
endpoint_all8,subspace_ridge,asymmetric_5,0.0009
endpoint_all8,tcn,asymmetric_5,0.0227
endpoint_all8,attention,asymmetric_10,0.2904
endpoint_all8,competing_stop,asymmetric_10,0.0
endpoint_all8,custom_boosting,asymmetric_10,0.0
endpoint_all8,random_forest,asymmetric_10,0.0211
endpoint_all8,representation,asymmetric_10,0.6644
endpoint_all8,standard_boosting,asymmetric_10,0.0
endpoint_all8,subspace_ridge,asymmetric_10,0.0002
endpoint_all8,tcn,asymmetric_10,0.0239
endpoint_all8,attention,coverage_error,0.1164
endpoint_all8,competing_stop,coverage_error,0.327
endpoint_all8,custom_boosting,coverage_error,0.0322
endpoint_all8,random_forest,coverage_error,0.1203
endpoint_all8,representation,coverage_error,0.2651
endpoint_all8,standard_boosting,coverage_error,0.0758
endpoint_all8,subspace_ridge,coverage_error,0.047
endpoint_all8,tcn,coverage_error,0.0162
endpoint_all8,attention,alpha_lambda_accuracy,0.344101666666669
endpoint_all8,competing_stop,alpha_lambda_accuracy,0.02965666666666667
endpoint_all8,custom_boosting,alpha_lambda_accuracy,0.15582166666666594
endpoint_all8,random_forest,alpha_lambda_accuracy,0.1444799999999997
endpoint_all8,representation,alpha_lambda_accuracy,0.033181666666666644
endpoint_all8,standard_boosting,alpha_lambda_accuracy,0.1981749999999984
endpoint_all8,subspace_ridge,alpha_lambda_accuracy,0.07206000000000017
endpoint_all8,tcn,alpha_lambda_accuracy,0.02252333333333334
endpoint_all8,attention,prognostic_horizon_fraction,0.125
endpoint_all8,competing_stop,prognostic_horizon_fraction,0.125
endpoint_all8,custom_boosting,prognostic_horizon_fraction,0.125
endpoint_all8,random_forest,prognostic_horizon_fraction,0.125
endpoint_all8,representation,prognostic_horizon_fraction,0.125
endpoint_all8,standard_boosting,prognostic_horizon_fraction,0.125
endpoint_all8,subspace_ridge,prognostic_horizon_fraction,0.125
endpoint_all8,tcn,prognostic_horizon_fraction,0.125
endpoint_all8_without_B02,attention,nMAE,0.2273
endpoint_all8_without_B02,competing_stop,nMAE,0.0374
endpoint_all8_without_B02,custom_boosting,nMAE,0.0006
endpoint_all8_without_B02,random_forest,nMAE,0.1006
endpoint_all8_without_B02,representation,nMAE,0.5925
endpoint_all8_without_B02,standard_boosting,nMAE,0.0077
endpoint_all8_without_B02,subspace_ridge,nMAE,0.0071
endpoint_all8_without_B02,tcn,nMAE,0.0268
endpoint_all8_without_B02,attention,MAE_hours,0.1724
endpoint_all8_without_B02,competing_stop,MAE_hours,0.2874
endpoint_all8_without_B02,custom_boosting,MAE_hours,0.0007
endpoint_all8_without_B02,random_forest,MAE_hours,0.0453
endpoint_all8_without_B02,representation,MAE_hours,0.4496
endpoint_all8_without_B02,standard_boosting,MAE_hours,0.0241
endpoint_all8_without_B02,subspace_ridge,MAE_hours,0.016
endpoint_all8_without_B02,tcn,MAE_hours,0.0045
endpoint_all8_without_B02,attention,normalized_interval_score,0.1737
endpoint_all8_without_B02,competing_stop,normalized_interval_score,0.4379
endpoint_all8_without_B02,custom_boosting,normalized_interval_score,0.016
endpoint_all8_without_B02,random_forest,normalized_interval_score,0.053
endpoint_all8_without_B02,representation,normalized_interval_score,0.1555
endpoint_all8_without_B02,standard_boosting,normalized_interval_score,0.002
endpoint_all8_without_B02,subspace_ridge,normalized_interval_score,0.0262
endpoint_all8_without_B02,tcn,normalized_interval_score,0.1357
endpoint_all8_without_B02,attention,interval_score_hours,0.3842
endpoint_all8_without_B02,competing_stop,interval_score_hours,0.1067
endpoint_all8_without_B02,custom_boosting,interval_score_hours,0.0195
endpoint_all8_without_B02,random_forest,interval_score_hours,0.0832
endpoint_all8_without_B02,representation,interval_score_hours,0.2317
endpoint_all8_without_B02,standard_boosting,interval_score_hours,0.0376
endpoint_all8_without_B02,subspace_ridge,interval_score_hours,0.0338
endpoint_all8_without_B02,tcn,interval_score_hours,0.1033
endpoint_all8_without_B02,attention,asymmetric_5,0.2387
endpoint_all8_without_B02,competing_stop,asymmetric_5,0.0008
endpoint_all8_without_B02,custom_boosting,asymmetric_5,0.0
endpoint_all8_without_B02,random_forest,asymmetric_5,0.0801
endpoint_all8_without_B02,representation,asymmetric_5,0.6288
endpoint_all8_without_B02,standard_boosting,asymmetric_5,0.0
endpoint_all8_without_B02,subspace_ridge,asymmetric_5,0.0018
endpoint_all8_without_B02,tcn,asymmetric_5,0.0498
endpoint_all8_without_B02,attention,asymmetric_10,0.2429
endpoint_all8_without_B02,competing_stop,asymmetric_10,0.0004
endpoint_all8_without_B02,custom_boosting,asymmetric_10,0.0001
endpoint_all8_without_B02,random_forest,asymmetric_10,0.0787
endpoint_all8_without_B02,representation,asymmetric_10,0.6257
endpoint_all8_without_B02,standard_boosting,asymmetric_10,0.0
endpoint_all8_without_B02,subspace_ridge,asymmetric_10,0.0009
endpoint_all8_without_B02,tcn,asymmetric_10,0.0513
endpoint_all8_without_B02,attention,coverage_error,0.0737
endpoint_all8_without_B02,competing_stop,coverage_error,0.1575
endpoint_all8_without_B02,custom_boosting,coverage_error,0.0705
endpoint_all8_without_B02,random_forest,coverage_error,0.2349
endpoint_all8_without_B02,representation,coverage_error,0.1992
endpoint_all8_without_B02,standard_boosting,coverage_error,0.1906
endpoint_all8_without_B02,subspace_ridge,coverage_error,0.0345
endpoint_all8_without_B02,tcn,coverage_error,0.0391
endpoint_all8_without_B02,attention,alpha_lambda_accuracy,0.21813333333333243
endpoint_all8_without_B02,competing_stop,alpha_lambda_accuracy,0.04200999999999975
endpoint_all8_without_B02,custom_boosting,alpha_lambda_accuracy,0.1835599999999986
endpoint_all8_without_B02,random_forest,alpha_lambda_accuracy,0.1848766666666659
endpoint_all8_without_B02,representation,alpha_lambda_accuracy,0.007693333333333337
endpoint_all8_without_B02,standard_boosting,alpha_lambda_accuracy,0.23635666666666638
endpoint_all8_without_B02,subspace_ridge,alpha_lambda_accuracy,0.09258333333333361
endpoint_all8_without_B02,tcn,alpha_lambda_accuracy,0.03478666666666664
endpoint_all8_without_B02,attention,prognostic_horizon_fraction,0.125
endpoint_all8_without_B02,competing_stop,prognostic_horizon_fraction,0.125
endpoint_all8_without_B02,custom_boosting,prognostic_horizon_fraction,0.125
endpoint_all8_without_B02,random_forest,prognostic_horizon_fraction,0.125
endpoint_all8_without_B02,representation,prognostic_horizon_fraction,0.125
endpoint_all8_without_B02,standard_boosting,prognostic_horizon_fraction,0.125
endpoint_all8_without_B02,subspace_ridge,prognostic_horizon_fraction,0.125
endpoint_all8_without_B02,tcn,prognostic_horizon_fraction,0.125
endpoint_all8_without_B03,attention,nMAE,0.2061
endpoint_all8_without_B03,competing_stop,nMAE,0.0209
endpoint_all8_without_B03,custom_boosting,nMAE,0.0006
endpoint_all8_without_B03,random_forest,nMAE,0.1053
endpoint_all8_without_B03,representation,nMAE,0.6519
endpoint_all8_without_B03,standard_boosting,nMAE,0.0077
endpoint_all8_without_B03,subspace_ridge,nMAE,0.0075
endpoint_all8_without_B03,tcn,nMAE,0.0
endpoint_all8_without_B03,attention,MAE_hours,0.1484
endpoint_all8_without_B03,competing_stop,MAE_hours,0.1931
endpoint_all8_without_B03,custom_boosting,MAE_hours,0.0005
endpoint_all8_without_B03,random_forest,MAE_hours,0.0437
endpoint_all8_without_B03,representation,MAE_hours,0.5561
endpoint_all8_without_B03,standard_boosting,MAE_hours,0.0244
endpoint_all8_without_B03,subspace_ridge,MAE_hours,0.0338
endpoint_all8_without_B03,tcn,MAE_hours,0.0
endpoint_all8_without_B03,attention,normalized_interval_score,0.2799
endpoint_all8_without_B03,competing_stop,normalized_interval_score,0.3597
endpoint_all8_without_B03,custom_boosting,normalized_interval_score,0.0172
endpoint_all8_without_B03,random_forest,normalized_interval_score,0.0781
endpoint_all8_without_B03,representation,normalized_interval_score,0.1121
endpoint_all8_without_B03,standard_boosting,normalized_interval_score,0.0011
endpoint_all8_without_B03,subspace_ridge,normalized_interval_score,0.0705
endpoint_all8_without_B03,tcn,normalized_interval_score,0.0814
endpoint_all8_without_B03,attention,interval_score_hours,0.4443
endpoint_all8_without_B03,competing_stop,interval_score_hours,0.0661
endpoint_all8_without_B03,custom_boosting,interval_score_hours,0.02
endpoint_all8_without_B03,random_forest,interval_score_hours,0.0745
endpoint_all8_without_B03,representation,interval_score_hours,0.1886
endpoint_all8_without_B03,standard_boosting,interval_score_hours,0.0234
endpoint_all8_without_B03,subspace_ridge,interval_score_hours,0.0974
endpoint_all8_without_B03,tcn,interval_score_hours,0.0857
endpoint_all8_without_B03,attention,asymmetric_5,0.2231
endpoint_all8_without_B03,competing_stop,asymmetric_5,0.0008
endpoint_all8_without_B03,custom_boosting,asymmetric_5,0.0
endpoint_all8_without_B03,random_forest,asymmetric_5,0.081
endpoint_all8_without_B03,representation,asymmetric_5,0.6933
endpoint_all8_without_B03,standard_boosting,asymmetric_5,0.0
endpoint_all8_without_B03,subspace_ridge,asymmetric_5,0.0018
endpoint_all8_without_B03,tcn,asymmetric_5,0.0
endpoint_all8_without_B03,attention,asymmetric_10,0.2232
endpoint_all8_without_B03,competing_stop,asymmetric_10,0.0004
endpoint_all8_without_B03,custom_boosting,asymmetric_10,0.0001
endpoint_all8_without_B03,random_forest,asymmetric_10,0.0789
endpoint_all8_without_B03,representation,asymmetric_10,0.6965
endpoint_all8_without_B03,standard_boosting,asymmetric_10,0.0
endpoint_all8_without_B03,subspace_ridge,asymmetric_10,0.0009
endpoint_all8_without_B03,tcn,asymmetric_10,0.0
endpoint_all8_without_B03,attention,coverage_error,0.1011
endpoint_all8_without_B03,competing_stop,coverage_error,0.3002
endpoint_all8_without_B03,custom_boosting,coverage_error,0.0815
endpoint_all8_without_B03,random_forest,coverage_error,0.1354
endpoint_all8_without_B03,representation,coverage_error,0.2045
endpoint_all8_without_B03,standard_boosting,coverage_error,0.0213
endpoint_all8_without_B03,subspace_ridge,coverage_error,0.153
endpoint_all8_without_B03,tcn,coverage_error,0.003
endpoint_all8_without_B03,attention,alpha_lambda_accuracy,0.361691666666669
endpoint_all8_without_B03,competing_stop,alpha_lambda_accuracy,0.028441666666666685
endpoint_all8_without_B03,custom_boosting,alpha_lambda_accuracy,0.15371666666666578
endpoint_all8_without_B03,random_forest,alpha_lambda_accuracy,0.1521333333333329
endpoint_all8_without_B03,representation,alpha_lambda_accuracy,0.0316
endpoint_all8_without_B03,standard_boosting,alpha_lambda_accuracy,0.19365833333333152
endpoint_all8_without_B03,subspace_ridge,alpha_lambda_accuracy,0.07875833333333351
endpoint_all8_without_B03,tcn,alpha_lambda_accuracy,0.0
endpoint_all8_without_B03,attention,prognostic_horizon_fraction,0.125
endpoint_all8_without_B03,competing_stop,prognostic_horizon_fraction,0.125
endpoint_all8_without_B03,custom_boosting,prognostic_horizon_fraction,0.125
endpoint_all8_without_B03,random_forest,prognostic_horizon_fraction,0.125
endpoint_all8_without_B03,representation,prognostic_horizon_fraction,0.125
endpoint_all8_without_B03,standard_boosting,prognostic_horizon_fraction,0.125
endpoint_all8_without_B03,subspace_ridge,prognostic_horizon_fraction,0.125
endpoint_all8_without_B03,tcn,prognostic_horizon_fraction,0.125
endpoint_all8_without_B04,attention,nMAE,0.2512
endpoint_all8_without_B04,competing_stop,nMAE,0.0198
endpoint_all8_without_B04,custom_boosting,nMAE,0.0003
endpoint_all8_without_B04,random_forest,nMAE,0.0382
endpoint_all8_without_B04,representation,nMAE,0.6765
endpoint_all8_without_B04,standard_boosting,nMAE,0.0001
endpoint_all8_without_B04,subspace_ridge,nMAE,0.0016
endpoint_all8_without_B04,tcn,nMAE,0.0123
endpoint_all8_without_B04,attention,MAE_hours,0.1744
endpoint_all8_without_B04,competing_stop,MAE_hours,0.2175
endpoint_all8_without_B04,custom_boosting,MAE_hours,0.0002
endpoint_all8_without_B04,random_forest,MAE_hours,0.0204
endpoint_all8_without_B04,representation,MAE_hours,0.5709
endpoint_all8_without_B04,standard_boosting,MAE_hours,0.0042
endpoint_all8_without_B04,subspace_ridge,MAE_hours,0.0109
endpoint_all8_without_B04,tcn,MAE_hours,0.0015
endpoint_all8_without_B04,attention,normalized_interval_score,0.3442
endpoint_all8_without_B04,competing_stop,normalized_interval_score,0.3148
endpoint_all8_without_B04,custom_boosting,normalized_interval_score,0.0088
endpoint_all8_without_B04,random_forest,normalized_interval_score,0.047
endpoint_all8_without_B04,representation,normalized_interval_score,0.1341
endpoint_all8_without_B04,standard_boosting,normalized_interval_score,0.0013
endpoint_all8_without_B04,subspace_ridge,normalized_interval_score,0.0202
endpoint_all8_without_B04,tcn,normalized_interval_score,0.1296
endpoint_all8_without_B04,attention,interval_score_hours,0.4675
endpoint_all8_without_B04,competing_stop,interval_score_hours,0.0535
endpoint_all8_without_B04,custom_boosting,interval_score_hours,0.0091
endpoint_all8_without_B04,random_forest,interval_score_hours,0.0663
endpoint_all8_without_B04,representation,interval_score_hours,0.2377
endpoint_all8_without_B04,standard_boosting,interval_score_hours,0.0142
endpoint_all8_without_B04,subspace_ridge,interval_score_hours,0.033
endpoint_all8_without_B04,tcn,interval_score_hours,0.1187
endpoint_all8_without_B04,attention,asymmetric_5,0.2376
endpoint_all8_without_B04,competing_stop,asymmetric_5,0.0008
endpoint_all8_without_B04,custom_boosting,asymmetric_5,0.0
endpoint_all8_without_B04,random_forest,asymmetric_5,0.0241
endpoint_all8_without_B04,representation,asymmetric_5,0.6977
endpoint_all8_without_B04,standard_boosting,asymmetric_5,0.0
endpoint_all8_without_B04,subspace_ridge,asymmetric_5,0.0004
endpoint_all8_without_B04,tcn,asymmetric_5,0.0394
endpoint_all8_without_B04,attention,asymmetric_10,0.2347
endpoint_all8_without_B04,competing_stop,asymmetric_10,0.0004
endpoint_all8_without_B04,custom_boosting,asymmetric_10,0.0001
endpoint_all8_without_B04,random_forest,asymmetric_10,0.023
endpoint_all8_without_B04,representation,asymmetric_10,0.6998
endpoint_all8_without_B04,standard_boosting,asymmetric_10,0.0
endpoint_all8_without_B04,subspace_ridge,asymmetric_10,0.0003
endpoint_all8_without_B04,tcn,asymmetric_10,0.0417
endpoint_all8_without_B04,attention,coverage_error,0.1192
endpoint_all8_without_B04,competing_stop,coverage_error,0.3192
endpoint_all8_without_B04,custom_boosting,coverage_error,0.0305
endpoint_all8_without_B04,random_forest,coverage_error,0.1259
endpoint_all8_without_B04,representation,coverage_error,0.2688
endpoint_all8_without_B04,standard_boosting,coverage_error,0.0744
endpoint_all8_without_B04,subspace_ridge,coverage_error,0.0463
endpoint_all8_without_B04,tcn,coverage_error,0.0157
endpoint_all8_without_B04,attention,alpha_lambda_accuracy,0.47892999999999947
endpoint_all8_without_B04,competing_stop,alpha_lambda_accuracy,0.08419166666666761
endpoint_all8_without_B04,custom_boosting,alpha_lambda_accuracy,0.05333999999999968
endpoint_all8_without_B04,random_forest,alpha_lambda_accuracy,0.23815666666666663
endpoint_all8_without_B04,representation,alpha_lambda_accuracy,0.047374999999999834
endpoint_all8_without_B04,standard_boosting,alpha_lambda_accuracy,0.08419166666666761
endpoint_all8_without_B04,subspace_ridge,alpha_lambda_accuracy,0.0
endpoint_all8_without_B04,tcn,alpha_lambda_accuracy,0.013814999999999996
endpoint_all8_without_B04,attention,prognostic_horizon_fraction,0.125
endpoint_all8_without_B04,competing_stop,prognostic_horizon_fraction,0.125
endpoint_all8_without_B04,custom_boosting,prognostic_horizon_fraction,0.125
endpoint_all8_without_B04,random_forest,prognostic_horizon_fraction,0.125
endpoint_all8_without_B04,representation,prognostic_horizon_fraction,0.125
endpoint_all8_without_B04,standard_boosting,prognostic_horizon_fraction,0.125
endpoint_all8_without_B04,subspace_ridge,prognostic_horizon_fraction,0.125
endpoint_all8_without_B04,tcn,prognostic_horizon_fraction,0.125
endpoint_all8_without_B08,attention,nMAE,0.2758
endpoint_all8_without_B08,competing_stop,nMAE,0.016
endpoint_all8_without_B08,custom_boosting,nMAE,0.0
endpoint_all8_without_B08,random_forest,nMAE,0.0298
endpoint_all8_without_B08,representation,nMAE,0.6638
endpoint_all8_without_B08,standard_boosting,nMAE,0.0015
endpoint_all8_without_B08,subspace_ridge,nMAE,0.0002
endpoint_all8_without_B08,tcn,nMAE,0.0129
endpoint_all8_without_B08,attention,MAE_hours,0.1955
endpoint_all8_without_B08,competing_stop,MAE_hours,0.2185
endpoint_all8_without_B08,custom_boosting,MAE_hours,0.0
endpoint_all8_without_B08,random_forest,MAE_hours,0.0108
endpoint_all8_without_B08,representation,MAE_hours,0.5577
endpoint_all8_without_B08,standard_boosting,MAE_hours,0.0098
endpoint_all8_without_B08,subspace_ridge,MAE_hours,0.0062
endpoint_all8_without_B08,tcn,MAE_hours,0.0015
endpoint_all8_without_B08,attention,normalized_interval_score,0.1986
endpoint_all8_without_B08,competing_stop,normalized_interval_score,0.4243
endpoint_all8_without_B08,custom_boosting,normalized_interval_score,0.0
endpoint_all8_without_B08,random_forest,normalized_interval_score,0.0109
endpoint_all8_without_B08,representation,normalized_interval_score,0.131
endpoint_all8_without_B08,standard_boosting,normalized_interval_score,0.0005
endpoint_all8_without_B08,subspace_ridge,normalized_interval_score,0.0065
endpoint_all8_without_B08,tcn,normalized_interval_score,0.2282
endpoint_all8_without_B08,attention,interval_score_hours,0.3255
endpoint_all8_without_B08,competing_stop,interval_score_hours,0.1079
endpoint_all8_without_B08,custom_boosting,interval_score_hours,0.0
endpoint_all8_without_B08,random_forest,interval_score_hours,0.0581
endpoint_all8_without_B08,representation,interval_score_hours,0.2586
endpoint_all8_without_B08,standard_boosting,interval_score_hours,0.0065
endpoint_all8_without_B08,subspace_ridge,interval_score_hours,0.0142
endpoint_all8_without_B08,tcn,interval_score_hours,0.2292
endpoint_all8_without_B08,attention,asymmetric_5,0.291
endpoint_all8_without_B08,competing_stop,asymmetric_5,0.0001
endpoint_all8_without_B08,custom_boosting,asymmetric_5,0.0
endpoint_all8_without_B08,random_forest,asymmetric_5,0.0203
endpoint_all8_without_B08,representation,asymmetric_5,0.6678
endpoint_all8_without_B08,standard_boosting,asymmetric_5,0.0
endpoint_all8_without_B08,subspace_ridge,asymmetric_5,0.0
endpoint_all8_without_B08,tcn,asymmetric_5,0.0208
endpoint_all8_without_B08,attention,asymmetric_10,0.294
endpoint_all8_without_B08,competing_stop,asymmetric_10,0.0
endpoint_all8_without_B08,custom_boosting,asymmetric_10,0.0
endpoint_all8_without_B08,random_forest,asymmetric_10,0.02
endpoint_all8_without_B08,representation,asymmetric_10,0.6656
endpoint_all8_without_B08,standard_boosting,asymmetric_10,0.0
endpoint_all8_without_B08,subspace_ridge,asymmetric_10,0.0
endpoint_all8_without_B08,tcn,asymmetric_10,0.0204
endpoint_all8_without_B08,attention,coverage_error,0.0527
endpoint_all8_without_B08,competing_stop,coverage_error,0.4855
endpoint_all8_without_B08,custom_boosting,coverage_error,0.0
endpoint_all8_without_B08,random_forest,coverage_error,0.122
endpoint_all8_without_B08,representation,coverage_error,0.2677
endpoint_all8_without_B08,standard_boosting,coverage_error,0.0371
endpoint_all8_without_B08,subspace_ridge,coverage_error,0.0136
endpoint_all8_without_B08,tcn,coverage_error,0.0214
endpoint_all8_without_B08,attention,alpha_lambda_accuracy,0.2395750000000001
endpoint_all8_without_B08,competing_stop,alpha_lambda_accuracy,0.05409333333333311
endpoint_all8_without_B08,custom_boosting,alpha_lambda_accuracy,0.034611666666666596
endpoint_all8_without_B08,random_forest,alpha_lambda_accuracy,0.10675333333333385
endpoint_all8_without_B08,representation,alpha_lambda_accuracy,0.08113333333333358
endpoint_all8_without_B08,standard_boosting,alpha_lambda_accuracy,0.33422000000000246
endpoint_all8_without_B08,subspace_ridge,alpha_lambda_accuracy,0.10832000000000018
endpoint_all8_without_B08,tcn,alpha_lambda_accuracy,0.04129333333333325
endpoint_all8_without_B08,attention,prognostic_horizon_fraction,0.125
endpoint_all8_without_B08,competing_stop,prognostic_horizon_fraction,0.125
endpoint_all8_without_B08,custom_boosting,prognostic_horizon_fraction,0.125
endpoint_all8_without_B08,random_forest,prognostic_horizon_fraction,0.125
endpoint_all8_without_B08,representation,prognostic_horizon_fraction,0.125
endpoint_all8_without_B08,standard_boosting,prognostic_horizon_fraction,0.125
endpoint_all8_without_B08,subspace_ridge,prognostic_horizon_fraction,0.125
endpoint_all8_without_B08,tcn,prognostic_horizon_fraction,0.125
endpoint_all8_without_B10,attention,nMAE,0.3065
endpoint_all8_without_B10,competing_stop,nMAE,0.0
endpoint_all8_without_B10,custom_boosting,nMAE,0.0
endpoint_all8_without_B10,random_forest,nMAE,0.0211
endpoint_all8_without_B10,representation,nMAE,0.6582
endpoint_all8_without_B10,standard_boosting,nMAE,0.0
endpoint_all8_without_B10,subspace_ridge,nMAE,0.0021
endpoint_all8_without_B10,tcn,nMAE,0.0121
endpoint_all8_without_B10,attention,MAE_hours,0.3114
endpoint_all8_without_B10,competing_stop,MAE_hours,0.0
endpoint_all8_without_B10,custom_boosting,MAE_hours,0.0
endpoint_all8_without_B10,random_forest,MAE_hours,0.004
endpoint_all8_without_B10,representation,MAE_hours,0.6666
endpoint_all8_without_B10,standard_boosting,MAE_hours,0.0011
endpoint_all8_without_B10,subspace_ridge,MAE_hours,0.0148
endpoint_all8_without_B10,tcn,MAE_hours,0.0021
endpoint_all8_without_B10,attention,normalized_interval_score,0.1799
endpoint_all8_without_B10,competing_stop,normalized_interval_score,0.2681
endpoint_all8_without_B10,custom_boosting,normalized_interval_score,0.0099
endpoint_all8_without_B10,random_forest,normalized_interval_score,0.025
endpoint_all8_without_B10,representation,normalized_interval_score,0.3886
endpoint_all8_without_B10,standard_boosting,normalized_interval_score,0.0003
endpoint_all8_without_B10,subspace_ridge,normalized_interval_score,0.0346
endpoint_all8_without_B10,tcn,normalized_interval_score,0.0936
endpoint_all8_without_B10,attention,interval_score_hours,0.1564
endpoint_all8_without_B10,competing_stop,interval_score_hours,0.033
endpoint_all8_without_B10,custom_boosting,interval_score_hours,0.0277
endpoint_all8_without_B10,random_forest,interval_score_hours,0.0107
endpoint_all8_without_B10,representation,interval_score_hours,0.6444
endpoint_all8_without_B10,standard_boosting,interval_score_hours,0.0266
endpoint_all8_without_B10,subspace_ridge,interval_score_hours,0.0644
endpoint_all8_without_B10,tcn,interval_score_hours,0.0368
endpoint_all8_without_B10,attention,asymmetric_5,0.2947
endpoint_all8_without_B10,competing_stop,asymmetric_5,0.0
endpoint_all8_without_B10,custom_boosting,asymmetric_5,0.0
endpoint_all8_without_B10,random_forest,asymmetric_5,0.0197
endpoint_all8_without_B10,representation,asymmetric_5,0.6643
endpoint_all8_without_B10,standard_boosting,asymmetric_5,0.0
endpoint_all8_without_B10,subspace_ridge,asymmetric_5,0.0005
endpoint_all8_without_B10,tcn,asymmetric_5,0.0208
endpoint_all8_without_B10,attention,asymmetric_10,0.2935
endpoint_all8_without_B10,competing_stop,asymmetric_10,0.0
endpoint_all8_without_B10,custom_boosting,asymmetric_10,0.0
endpoint_all8_without_B10,random_forest,asymmetric_10,0.0197
endpoint_all8_without_B10,representation,asymmetric_10,0.6658
endpoint_all8_without_B10,standard_boosting,asymmetric_10,0.0
endpoint_all8_without_B10,subspace_ridge,asymmetric_10,0.0006
endpoint_all8_without_B10,tcn,asymmetric_10,0.0204
endpoint_all8_without_B10,attention,coverage_error,0.0718
endpoint_all8_without_B10,competing_stop,coverage_error,0.0376
endpoint_all8_without_B10,custom_boosting,coverage_error,0.0289
endpoint_all8_without_B10,random_forest,coverage_error,0.026
endpoint_all8_without_B10,representation,coverage_error,0.6895
endpoint_all8_without_B10,standard_boosting,coverage_error,0.0545
endpoint_all8_without_B10,subspace_ridge,coverage_error,0.086
endpoint_all8_without_B10,tcn,coverage_error,0.0057
endpoint_all8_without_B10,attention,alpha_lambda_accuracy,0.6424249999999968
endpoint_all8_without_B10,competing_stop,alpha_lambda_accuracy,0.0007749999999999999
endpoint_all8_without_B10,custom_boosting,alpha_lambda_accuracy,0.02106666666666672
endpoint_all8_without_B10,random_forest,alpha_lambda_accuracy,0.0597
endpoint_all8_without_B10,representation,alpha_lambda_accuracy,0.01826666666666668
endpoint_all8_without_B10,standard_boosting,alpha_lambda_accuracy,0.033208333333333305
endpoint_all8_without_B10,subspace_ridge,alpha_lambda_accuracy,0.17034999999999925
endpoint_all8_without_B10,tcn,alpha_lambda_accuracy,0.0542083333333333
endpoint_all8_without_B10,attention,prognostic_horizon_fraction,0.125
endpoint_all8_without_B10,competing_stop,prognostic_horizon_fraction,0.125
endpoint_all8_without_B10,custom_boosting,prognostic_horizon_fraction,0.125
endpoint_all8_without_B10,random_forest,prognostic_horizon_fraction,0.125
endpoint_all8_without_B10,representation,prognostic_horizon_fraction,0.125
endpoint_all8_without_B10,standard_boosting,prognostic_horizon_fraction,0.125
endpoint_all8_without_B10,subspace_ridge,prognostic_horizon_fraction,0.125
endpoint_all8_without_B10,tcn,prognostic_horizon_fraction,0.125
endpoint_all8_without_B11,attention,nMAE,0.7851
endpoint_all8_without_B11,competing_stop,nMAE,0.0098
endpoint_all8_without_B11,custom_boosting,nMAE,0.0004
endpoint_all8_without_B11,random_forest,nMAE,0.0759
endpoint_all8_without_B11,representation,nMAE,0.0777
endpoint_all8_without_B11,standard_boosting,nMAE,0.0086
endpoint_all8_without_B11,subspace_ridge,nMAE,0.0103
endpoint_all8_without_B11,tcn,nMAE,0.0322
endpoint_all8_without_B11,attention,MAE_hours,0.5891
endpoint_all8_without_B11,competing_stop,MAE_hours,0.1845
endpoint_all8_without_B11,custom_boosting,MAE_hours,0.0007
endpoint_all8_without_B11,random_forest,MAE_hours,0.0528
endpoint_all8_without_B11,representation,MAE_hours,0.1093
endpoint_all8_without_B11,standard_boosting,MAE_hours,0.0235
endpoint_all8_without_B11,subspace_ridge,MAE_hours,0.0349
endpoint_all8_without_B11,tcn,MAE_hours,0.0052
endpoint_all8_without_B11,attention,normalized_interval_score,0.4761
endpoint_all8_without_B11,competing_stop,normalized_interval_score,0.2626
endpoint_all8_without_B11,custom_boosting,normalized_interval_score,0.0012
endpoint_all8_without_B11,random_forest,normalized_interval_score,0.1004
endpoint_all8_without_B11,representation,normalized_interval_score,0.0867
endpoint_all8_without_B11,standard_boosting,normalized_interval_score,0.0023
endpoint_all8_without_B11,subspace_ridge,normalized_interval_score,0.0267
endpoint_all8_without_B11,tcn,normalized_interval_score,0.044
endpoint_all8_without_B11,attention,interval_score_hours,0.5597
endpoint_all8_without_B11,competing_stop,interval_score_hours,0.0198
endpoint_all8_without_B11,custom_boosting,interval_score_hours,0.0039
endpoint_all8_without_B11,random_forest,interval_score_hours,0.1412
endpoint_all8_without_B11,representation,interval_score_hours,0.1748
endpoint_all8_without_B11,standard_boosting,interval_score_hours,0.0484
endpoint_all8_without_B11,subspace_ridge,interval_score_hours,0.0385
endpoint_all8_without_B11,tcn,interval_score_hours,0.0137
endpoint_all8_without_B11,attention,asymmetric_5,0.7804
endpoint_all8_without_B11,competing_stop,asymmetric_5,0.0006
endpoint_all8_without_B11,custom_boosting,asymmetric_5,0.0
endpoint_all8_without_B11,random_forest,asymmetric_5,0.0694
endpoint_all8_without_B11,representation,asymmetric_5,0.0878
endpoint_all8_without_B11,standard_boosting,asymmetric_5,0.0
endpoint_all8_without_B11,subspace_ridge,asymmetric_5,0.0028
endpoint_all8_without_B11,tcn,asymmetric_5,0.059
endpoint_all8_without_B11,attention,asymmetric_10,0.7689
endpoint_all8_without_B11,competing_stop,asymmetric_10,0.0002
endpoint_all8_without_B11,custom_boosting,asymmetric_10,0.0
endpoint_all8_without_B11,random_forest,asymmetric_10,0.0671
endpoint_all8_without_B11,representation,asymmetric_10,0.1015
endpoint_all8_without_B11,standard_boosting,asymmetric_10,0.0
endpoint_all8_without_B11,subspace_ridge,asymmetric_10,0.0015
endpoint_all8_without_B11,tcn,asymmetric_10,0.0608
endpoint_all8_without_B11,attention,coverage_error,0.2003
endpoint_all8_without_B11,competing_stop,coverage_error,0.1668
endpoint_all8_without_B11,custom_boosting,coverage_error,0.02
endpoint_all8_without_B11,random_forest,coverage_error,0.2566
endpoint_all8_without_B11,representation,coverage_error,0.171
endpoint_all8_without_B11,standard_boosting,coverage_error,0.148
endpoint_all8_without_B11,subspace_ridge,coverage_error,0.0342
endpoint_all8_without_B11,tcn,coverage_error,0.0031
endpoint_all8_without_B11,attention,alpha_lambda_accuracy,0.21494833333333208
endpoint_all8_without_B11,competing_stop,alpha_lambda_accuracy,0.042014999999999816
endpoint_all8_without_B11,custom_boosting,alpha_lambda_accuracy,0.18288333333333223
endpoint_all8_without_B11,random_forest,alpha_lambda_accuracy,0.17917499999999933
endpoint_all8_without_B11,representation,alpha_lambda_accuracy,0.009789999999999998
endpoint_all8_without_B11,standard_boosting,alpha_lambda_accuracy,0.2511866666666669
endpoint_all8_without_B11,subspace_ridge,alpha_lambda_accuracy,0.0876900000000002
endpoint_all8_without_B11,tcn,alpha_lambda_accuracy,0.03231166666666664
endpoint_all8_without_B11,attention,prognostic_horizon_fraction,0.125
endpoint_all8_without_B11,competing_stop,prognostic_horizon_fraction,0.125
endpoint_all8_without_B11,custom_boosting,prognostic_horizon_fraction,0.125
endpoint_all8_without_B11,random_forest,prognostic_horizon_fraction,0.125
endpoint_all8_without_B11,representation,prognostic_horizon_fraction,0.125
endpoint_all8_without_B11,standard_boosting,prognostic_horizon_fraction,0.125
endpoint_all8_without_B11,subspace_ridge,prognostic_horizon_fraction,0.125
endpoint_all8_without_B11,tcn,prognostic_horizon_fraction,0.125
endpoint_all8_without_B12,attention,nMAE,0.2173
endpoint_all8_without_B12,competing_stop,nMAE,0.0366
endpoint_all8_without_B12,custom_boosting,nMAE,0.0004
endpoint_all8_without_B12,random_forest,nMAE,0.0
endpoint_all8_without_B12,representation,nMAE,0.6862
endpoint_all8_without_B12,standard_boosting,nMAE,0.0086
endpoint_all8_without_B12,subspace_ridge,nMAE,0.0103
endpoint_all8_without_B12,tcn,nMAE,0.0406
endpoint_all8_without_B12,attention,MAE_hours,0.1728
endpoint_all8_without_B12,competing_stop,MAE_hours,0.2512
endpoint_all8_without_B12,custom_boosting,MAE_hours,0.0007
endpoint_all8_without_B12,random_forest,MAE_hours,0.0
endpoint_all8_without_B12,representation,MAE_hours,0.531
endpoint_all8_without_B12,standard_boosting,MAE_hours,0.0114
endpoint_all8_without_B12,subspace_ridge,MAE_hours,0.0283
endpoint_all8_without_B12,tcn,MAE_hours,0.0046
endpoint_all8_without_B12,attention,normalized_interval_score,0.4307
endpoint_all8_without_B12,competing_stop,normalized_interval_score,0.0
endpoint_all8_without_B12,custom_boosting,normalized_interval_score,0.0028
endpoint_all8_without_B12,random_forest,normalized_interval_score,0.0032
endpoint_all8_without_B12,representation,normalized_interval_score,0.1288
endpoint_all8_without_B12,standard_boosting,normalized_interval_score,0.002
endpoint_all8_without_B12,subspace_ridge,normalized_interval_score,0.0678
endpoint_all8_without_B12,tcn,normalized_interval_score,0.3647
endpoint_all8_without_B12,attention,interval_score_hours,0.4659
endpoint_all8_without_B12,competing_stop,interval_score_hours,0.0
endpoint_all8_without_B12,custom_boosting,interval_score_hours,0.0038
endpoint_all8_without_B12,random_forest,interval_score_hours,0.022
endpoint_all8_without_B12,representation,interval_score_hours,0.1853
endpoint_all8_without_B12,standard_boosting,interval_score_hours,0.016
endpoint_all8_without_B12,subspace_ridge,interval_score_hours,0.1031
endpoint_all8_without_B12,tcn,interval_score_hours,0.2039
endpoint_all8_without_B12,attention,asymmetric_5,0.1894
endpoint_all8_without_B12,competing_stop,asymmetric_5,0.0006
endpoint_all8_without_B12,custom_boosting,asymmetric_5,0.0
endpoint_all8_without_B12,random_forest,asymmetric_5,0.0014
endpoint_all8_without_B12,representation,asymmetric_5,0.7329
endpoint_all8_without_B12,standard_boosting,asymmetric_5,0.0
endpoint_all8_without_B12,subspace_ridge,asymmetric_5,0.0028
endpoint_all8_without_B12,tcn,asymmetric_5,0.0729
endpoint_all8_without_B12,attention,asymmetric_10,0.1775
endpoint_all8_without_B12,competing_stop,asymmetric_10,0.0002
endpoint_all8_without_B12,custom_boosting,asymmetric_10,0.0
endpoint_all8_without_B12,random_forest,asymmetric_10,0.0001
endpoint_all8_without_B12,representation,asymmetric_10,0.747
endpoint_all8_without_B12,standard_boosting,asymmetric_10,0.0
endpoint_all8_without_B12,subspace_ridge,asymmetric_10,0.0015
endpoint_all8_without_B12,tcn,asymmetric_10,0.0737
endpoint_all8_without_B12,attention,coverage_error,0.0493
endpoint_all8_without_B12,competing_stop,coverage_error,0.3299
endpoint_all8_without_B12,custom_boosting,coverage_error,0.0385
endpoint_all8_without_B12,random_forest,coverage_error,0.0419
endpoint_all8_without_B12,representation,coverage_error,0.1916
endpoint_all8_without_B12,standard_boosting,coverage_error,0.1445
endpoint_all8_without_B12,subspace_ridge,coverage_error,0.1512
endpoint_all8_without_B12,tcn,coverage_error,0.0531
endpoint_all8_without_B12,attention,alpha_lambda_accuracy,0.371565000000003
endpoint_all8_without_B12,competing_stop,alpha_lambda_accuracy,0.034871666666666565
endpoint_all8_without_B12,custom_boosting,alpha_lambda_accuracy,0.21499499999999874
endpoint_all8_without_B12,random_forest,alpha_lambda_accuracy,0.017178333333333337
endpoint_all8_without_B12,representation,alpha_lambda_accuracy,0.04654166666666653
endpoint_all8_without_B12,standard_boosting,alpha_lambda_accuracy,0.2206716666666657
endpoint_all8_without_B12,subspace_ridge,alpha_lambda_accuracy,0.06878333333333336
endpoint_all8_without_B12,tcn,alpha_lambda_accuracy,0.02539333333333334
endpoint_all8_without_B12,attention,prognostic_horizon_fraction,0.125
endpoint_all8_without_B12,competing_stop,prognostic_horizon_fraction,0.125
endpoint_all8_without_B12,custom_boosting,prognostic_horizon_fraction,0.125
endpoint_all8_without_B12,random_forest,prognostic_horizon_fraction,0.125
endpoint_all8_without_B12,representation,prognostic_horizon_fraction,0.125
endpoint_all8_without_B12,standard_boosting,prognostic_horizon_fraction,0.125
endpoint_all8_without_B12,subspace_ridge,prognostic_horizon_fraction,0.125
endpoint_all8_without_B12,tcn,prognostic_horizon_fraction,0.125
endpoint_all8_without_B17,attention,nMAE,0.2396
endpoint_all8_without_B17,competing_stop,nMAE,0.0124
endpoint_all8_without_B17,custom_boosting,nMAE,0.0004
endpoint_all8_without_B17,random_forest,nMAE,0.0353
endpoint_all8_without_B17,representation,nMAE,0.6776
endpoint_all8_without_B17,standard_boosting,nMAE,0.0018
endpoint_all8_without_B17,subspace_ridge,nMAE,0.0004
endpoint_all8_without_B17,tcn,nMAE,0.0325
endpoint_all8_without_B17,attention,MAE_hours,0.1382
endpoint_all8_without_B17,competing_stop,MAE_hours,0.2112
endpoint_all8_without_B17,custom_boosting,MAE_hours,0.0007
endpoint_all8_without_B17,random_forest,MAE_hours,0.0215
endpoint_all8_without_B17,representation,MAE_hours,0.6223
endpoint_all8_without_B17,standard_boosting,MAE_hours,0.0005
endpoint_all8_without_B17,subspace_ridge,MAE_hours,0.0004
endpoint_all8_without_B17,tcn,MAE_hours,0.0052
endpoint_all8_without_B17,attention,normalized_interval_score,0.4899
endpoint_all8_without_B17,competing_stop,normalized_interval_score,0.3092
endpoint_all8_without_B17,custom_boosting,normalized_interval_score,0.0127
endpoint_all8_without_B17,random_forest,normalized_interval_score,0.0091
endpoint_all8_without_B17,representation,normalized_interval_score,0.057
endpoint_all8_without_B17,standard_boosting,normalized_interval_score,0.0
endpoint_all8_without_B17,subspace_ridge,normalized_interval_score,0.0014
endpoint_all8_without_B17,tcn,normalized_interval_score,0.1207
endpoint_all8_without_B17,attention,interval_score_hours,0.7304
endpoint_all8_without_B17,competing_stop,interval_score_hours,0.0419
endpoint_all8_without_B17,custom_boosting,interval_score_hours,0.0249
endpoint_all8_without_B17,random_forest,interval_score_hours,0.0021
endpoint_all8_without_B17,representation,interval_score_hours,0.0974
endpoint_all8_without_B17,standard_boosting,interval_score_hours,0.0
endpoint_all8_without_B17,subspace_ridge,interval_score_hours,0.003
endpoint_all8_without_B17,tcn,interval_score_hours,0.1003
endpoint_all8_without_B17,attention,asymmetric_5,0.2723
endpoint_all8_without_B17,competing_stop,asymmetric_5,0.0
endpoint_all8_without_B17,custom_boosting,asymmetric_5,0.0
endpoint_all8_without_B17,random_forest,asymmetric_5,0.0236
endpoint_all8_without_B17,representation,asymmetric_5,0.6758
endpoint_all8_without_B17,standard_boosting,asymmetric_5,0.0
endpoint_all8_without_B17,subspace_ridge,asymmetric_5,0.001
endpoint_all8_without_B17,tcn,asymmetric_5,0.0273
endpoint_all8_without_B17,attention,asymmetric_10,0.2756
endpoint_all8_without_B17,competing_stop,asymmetric_10,0.0
endpoint_all8_without_B17,custom_boosting,asymmetric_10,0.0
endpoint_all8_without_B17,random_forest,asymmetric_10,0.0224
endpoint_all8_without_B17,representation,asymmetric_10,0.6755
endpoint_all8_without_B17,standard_boosting,asymmetric_10,0.0
endpoint_all8_without_B17,subspace_ridge,asymmetric_10,0.0013
endpoint_all8_without_B17,tcn,asymmetric_10,0.0252
endpoint_all8_without_B17,attention,coverage_error,0.2842
endpoint_all8_without_B17,competing_stop,coverage_error,0.2967
endpoint_all8_without_B17,custom_boosting,coverage_error,0.051
endpoint_all8_without_B17,random_forest,coverage_error,0.0763
endpoint_all8_without_B17,representation,coverage_error,0.1914
endpoint_all8_without_B17,standard_boosting,coverage_error,0.0201
endpoint_all8_without_B17,subspace_ridge,coverage_error,0.0272
endpoint_all8_without_B17,tcn,coverage_error,0.0531
endpoint_all8_without_B17,attention,alpha_lambda_accuracy,0.17844833333333224
endpoint_all8_without_B17,competing_stop,alpha_lambda_accuracy,0.001005
endpoint_all8_without_B17,custom_boosting,alpha_lambda_accuracy,0.22378666666666608
endpoint_all8_without_B17,random_forest,alpha_lambda_accuracy,0.2995950000000009
endpoint_all8_without_B17,representation,alpha_lambda_accuracy,0.10518833333333402
endpoint_all8_without_B17,standard_boosting,alpha_lambda_accuracy,0.03585499999999988
endpoint_all8_without_B17,subspace_ridge,alpha_lambda_accuracy,0.09738666666666694
endpoint_all8_without_B17,tcn,alpha_lambda_accuracy,0.05873499999999997
endpoint_all8_without_B17,attention,prognostic_horizon_fraction,0.125
endpoint_all8_without_B17,competing_stop,prognostic_horizon_fraction,0.125
endpoint_all8_without_B17,custom_boosting,prognostic_horizon_fraction,0.125
endpoint_all8_without_B17,random_forest,prognostic_horizon_fraction,0.125
endpoint_all8_without_B17,representation,prognostic_horizon_fraction,0.125
endpoint_all8_without_B17,standard_boosting,prognostic_horizon_fraction,0.125
endpoint_all8_without_B17,subspace_ridge,prognostic_horizon_fraction,0.125
endpoint_all8_without_B17,tcn,prognostic_horizon_fraction,0.125
endpoint_all8_seed_20260930,attention,nMAE,0.0453
endpoint_all8_seed_20260930,competing_stop,nMAE,0.0146
endpoint_all8_seed_20260930,custom_boosting,nMAE,0.0
endpoint_all8_seed_20260930,random_forest,nMAE,0.067
endpoint_all8_seed_20260930,representation,nMAE,0.5574
endpoint_all8_seed_20260930,standard_boosting,nMAE,0.0017
endpoint_all8_seed_20260930,subspace_ridge,nMAE,0.0019
endpoint_all8_seed_20260930,tcn,nMAE,0.3121
endpoint_all8_seed_20260930,attention,MAE_hours,0.0476
endpoint_all8_seed_20260930,competing_stop,MAE_hours,0.1147
endpoint_all8_seed_20260930,custom_boosting,MAE_hours,0.0
endpoint_all8_seed_20260930,random_forest,MAE_hours,0.0258
endpoint_all8_seed_20260930,representation,MAE_hours,0.7417
endpoint_all8_seed_20260930,standard_boosting,MAE_hours,0.0032
endpoint_all8_seed_20260930,subspace_ridge,MAE_hours,0.0022
endpoint_all8_seed_20260930,tcn,MAE_hours,0.0648
endpoint_all8_seed_20260930,attention,normalized_interval_score,0.3035
endpoint_all8_seed_20260930,competing_stop,normalized_interval_score,0.2931
endpoint_all8_seed_20260930,custom_boosting,normalized_interval_score,0.006
endpoint_all8_seed_20260930,random_forest,normalized_interval_score,0.0183
endpoint_all8_seed_20260930,representation,normalized_interval_score,0.0635
endpoint_all8_seed_20260930,standard_boosting,normalized_interval_score,0.0
endpoint_all8_seed_20260930,subspace_ridge,normalized_interval_score,0.0034
endpoint_all8_seed_20260930,tcn,normalized_interval_score,0.3122
endpoint_all8_seed_20260930,attention,interval_score_hours,0.7995
endpoint_all8_seed_20260930,competing_stop,interval_score_hours,0.0229
endpoint_all8_seed_20260930,custom_boosting,interval_score_hours,0.01
endpoint_all8_seed_20260930,random_forest,interval_score_hours,0.0059
endpoint_all8_seed_20260930,representation,interval_score_hours,0.024
endpoint_all8_seed_20260930,standard_boosting,interval_score_hours,0.0
endpoint_all8_seed_20260930,subspace_ridge,interval_score_hours,0.0193
endpoint_all8_seed_20260930,tcn,interval_score_hours,0.1184
endpoint_all8_seed_20260930,attention,asymmetric_5,0.0638
endpoint_all8_seed_20260930,competing_stop,asymmetric_5,0.0038
endpoint_all8_seed_20260930,custom_boosting,asymmetric_5,0.0
endpoint_all8_seed_20260930,random_forest,asymmetric_5,0.0656
endpoint_all8_seed_20260930,representation,asymmetric_5,0.5455
endpoint_all8_seed_20260930,standard_boosting,asymmetric_5,0.0
endpoint_all8_seed_20260930,subspace_ridge,asymmetric_5,0.0017
endpoint_all8_seed_20260930,tcn,asymmetric_5,0.3196
endpoint_all8_seed_20260930,attention,asymmetric_10,0.0656
endpoint_all8_seed_20260930,competing_stop,asymmetric_10,0.0036
endpoint_all8_seed_20260930,custom_boosting,asymmetric_10,0.0
endpoint_all8_seed_20260930,random_forest,asymmetric_10,0.0652
endpoint_all8_seed_20260930,representation,asymmetric_10,0.5467
endpoint_all8_seed_20260930,standard_boosting,asymmetric_10,0.0
endpoint_all8_seed_20260930,subspace_ridge,asymmetric_10,0.0006
endpoint_all8_seed_20260930,tcn,asymmetric_10,0.3183
endpoint_all8_seed_20260930,attention,coverage_error,0.6683
endpoint_all8_seed_20260930,competing_stop,coverage_error,0.0847
endpoint_all8_seed_20260930,custom_boosting,coverage_error,0.02
endpoint_all8_seed_20260930,random_forest,coverage_error,0.1104
endpoint_all8_seed_20260930,representation,coverage_error,0.0424
endpoint_all8_seed_20260930,standard_boosting,coverage_error,0.025
endpoint_all8_seed_20260930,subspace_ridge,coverage_error,0.0491
endpoint_all8_seed_20260930,tcn,coverage_error,0.0001
endpoint_all8_seed_20260930,attention,alpha_lambda_accuracy,0.26844833333333357
endpoint_all8_seed_20260930,competing_stop,alpha_lambda_accuracy,0.01266166666666666
endpoint_all8_seed_20260930,custom_boosting,alpha_lambda_accuracy,0.020061666666666696
endpoint_all8_seed_20260930,random_forest,alpha_lambda_accuracy,0.02771333333333334
endpoint_all8_seed_20260930,representation,alpha_lambda_accuracy,0.21093333333333225
endpoint_all8_seed_20260930,standard_boosting,alpha_lambda_accuracy,0.4567800000000016
endpoint_all8_seed_20260930,subspace_ridge,alpha_lambda_accuracy,0.0
endpoint_all8_seed_20260930,tcn,alpha_lambda_accuracy,0.0034016666666666644
endpoint_all8_seed_20260930,attention,prognostic_horizon_fraction,0.125
endpoint_all8_seed_20260930,competing_stop,prognostic_horizon_fraction,0.125
endpoint_all8_seed_20260930,custom_boosting,prognostic_horizon_fraction,0.125
endpoint_all8_seed_20260930,random_forest,prognostic_horizon_fraction,0.125
endpoint_all8_seed_20260930,representation,prognostic_horizon_fraction,0.125
endpoint_all8_seed_20260930,standard_boosting,prognostic_horizon_fraction,0.125
endpoint_all8_seed_20260930,subspace_ridge,prognostic_horizon_fraction,0.125
endpoint_all8_seed_20260930,tcn,prognostic_horizon_fraction,0.125
endpoint_all8_seed_20260931,attention,nMAE,0.0523
endpoint_all8_seed_20260931,competing_stop,nMAE,0.0299
endpoint_all8_seed_20260931,custom_boosting,nMAE,0.0
endpoint_all8_seed_20260931,random_forest,nMAE,0.1221
endpoint_all8_seed_20260931,representation,nMAE,0.7928
endpoint_all8_seed_20260931,standard_boosting,nMAE,0.0016
endpoint_all8_seed_20260931,subspace_ridge,nMAE,0.0011
endpoint_all8_seed_20260931,tcn,nMAE,0.0002
endpoint_all8_seed_20260931,attention,MAE_hours,0.1644
endpoint_all8_seed_20260931,competing_stop,MAE_hours,0.2318
endpoint_all8_seed_20260931,custom_boosting,MAE_hours,0.0
endpoint_all8_seed_20260931,random_forest,MAE_hours,0.028
endpoint_all8_seed_20260931,representation,MAE_hours,0.571
endpoint_all8_seed_20260931,standard_boosting,MAE_hours,0.0024
endpoint_all8_seed_20260931,subspace_ridge,MAE_hours,0.002
endpoint_all8_seed_20260931,tcn,MAE_hours,0.0004
endpoint_all8_seed_20260931,attention,normalized_interval_score,0.1284
endpoint_all8_seed_20260931,competing_stop,normalized_interval_score,0.4909
endpoint_all8_seed_20260931,custom_boosting,normalized_interval_score,0.0158
endpoint_all8_seed_20260931,random_forest,normalized_interval_score,0.0657
endpoint_all8_seed_20260931,representation,normalized_interval_score,0.2964
endpoint_all8_seed_20260931,standard_boosting,normalized_interval_score,0.0
endpoint_all8_seed_20260931,subspace_ridge,normalized_interval_score,0.0022
endpoint_all8_seed_20260931,tcn,normalized_interval_score,0.0006
endpoint_all8_seed_20260931,attention,interval_score_hours,0.2943
endpoint_all8_seed_20260931,competing_stop,interval_score_hours,0.1158
endpoint_all8_seed_20260931,custom_boosting,interval_score_hours,0.0288
endpoint_all8_seed_20260931,random_forest,interval_score_hours,0.0282
endpoint_all8_seed_20260931,representation,interval_score_hours,0.5229
endpoint_all8_seed_20260931,standard_boosting,interval_score_hours,0.0002
endpoint_all8_seed_20260931,subspace_ridge,interval_score_hours,0.0098
endpoint_all8_seed_20260931,tcn,interval_score_hours,0.0
endpoint_all8_seed_20260931,attention,asymmetric_5,0.0162
endpoint_all8_seed_20260931,competing_stop,asymmetric_5,0.0116
endpoint_all8_seed_20260931,custom_boosting,asymmetric_5,0.0
endpoint_all8_seed_20260931,random_forest,asymmetric_5,0.1201
endpoint_all8_seed_20260931,representation,asymmetric_5,0.8489
endpoint_all8_seed_20260931,standard_boosting,asymmetric_5,0.0
endpoint_all8_seed_20260931,subspace_ridge,asymmetric_5,0.0032
endpoint_all8_seed_20260931,tcn,asymmetric_5,0.0
endpoint_all8_seed_20260931,attention,asymmetric_10,0.0141
endpoint_all8_seed_20260931,competing_stop,asymmetric_10,0.0091
endpoint_all8_seed_20260931,custom_boosting,asymmetric_10,0.0
endpoint_all8_seed_20260931,random_forest,asymmetric_10,0.1203
endpoint_all8_seed_20260931,representation,asymmetric_10,0.8533
endpoint_all8_seed_20260931,standard_boosting,asymmetric_10,0.0
endpoint_all8_seed_20260931,subspace_ridge,asymmetric_10,0.003
endpoint_all8_seed_20260931,tcn,asymmetric_10,0.0002
endpoint_all8_seed_20260931,attention,coverage_error,0.1416
endpoint_all8_seed_20260931,competing_stop,coverage_error,0.4867
endpoint_all8_seed_20260931,custom_boosting,coverage_error,0.0586
endpoint_all8_seed_20260931,random_forest,coverage_error,0.1579
endpoint_all8_seed_20260931,representation,coverage_error,0.0177
endpoint_all8_seed_20260931,standard_boosting,coverage_error,0.0402
endpoint_all8_seed_20260931,subspace_ridge,coverage_error,0.0922
endpoint_all8_seed_20260931,tcn,coverage_error,0.0051
endpoint_all8_seed_20260931,attention,alpha_lambda_accuracy,0.0010483333333333332
endpoint_all8_seed_20260931,competing_stop,alpha_lambda_accuracy,0.01907166666666671
endpoint_all8_seed_20260931,custom_boosting,alpha_lambda_accuracy,0.012746666666666635
endpoint_all8_seed_20260931,random_forest,alpha_lambda_accuracy,0.12978333333333317
endpoint_all8_seed_20260931,representation,alpha_lambda_accuracy,0.07172166666666682
endpoint_all8_seed_20260931,standard_boosting,alpha_lambda_accuracy,0.4668866666666668
endpoint_all8_seed_20260931,subspace_ridge,alpha_lambda_accuracy,0.00014
endpoint_all8_seed_20260931,tcn,alpha_lambda_accuracy,0.2986016666666677
endpoint_all8_seed_20260931,attention,prognostic_horizon_fraction,0.125
endpoint_all8_seed_20260931,competing_stop,prognostic_horizon_fraction,0.125
endpoint_all8_seed_20260931,custom_boosting,prognostic_horizon_fraction,0.125
endpoint_all8_seed_20260931,random_forest,prognostic_horizon_fraction,0.125
endpoint_all8_seed_20260931,representation,prognostic_horizon_fraction,0.125
endpoint_all8_seed_20260931,standard_boosting,prognostic_horizon_fraction,0.125
endpoint_all8_seed_20260931,subspace_ridge,prognostic_horizon_fraction,0.125
endpoint_all8_seed_20260931,tcn,prognostic_horizon_fraction,0.125
endpoint_all8_roles_swap,attention,nMAE,0.2216
endpoint_all8_roles_swap,competing_stop,nMAE,0.1494
endpoint_all8_roles_swap,custom_boosting,nMAE,0.0
endpoint_all8_roles_swap,random_forest,nMAE,0.1159
endpoint_all8_roles_swap,representation,nMAE,0.3482
endpoint_all8_roles_swap,standard_boosting,nMAE,0.0017
endpoint_all8_roles_swap,subspace_ridge,nMAE,0.0016
endpoint_all8_roles_swap,tcn,nMAE,0.1616
endpoint_all8_roles_swap,attention,MAE_hours,0.1216
endpoint_all8_roles_swap,competing_stop,MAE_hours,0.4076
endpoint_all8_roles_swap,custom_boosting,MAE_hours,0.0001
endpoint_all8_roles_swap,random_forest,MAE_hours,0.0194
endpoint_all8_roles_swap,representation,MAE_hours,0.3929
endpoint_all8_roles_swap,standard_boosting,MAE_hours,0.0053
endpoint_all8_roles_swap,subspace_ridge,MAE_hours,0.004
endpoint_all8_roles_swap,tcn,MAE_hours,0.0491
endpoint_all8_roles_swap,attention,normalized_interval_score,0.249
endpoint_all8_roles_swap,competing_stop,normalized_interval_score,0.2099
endpoint_all8_roles_swap,custom_boosting,normalized_interval_score,0.0
endpoint_all8_roles_swap,random_forest,normalized_interval_score,0.0
endpoint_all8_roles_swap,representation,normalized_interval_score,0.1272
endpoint_all8_roles_swap,standard_boosting,normalized_interval_score,0.0001
endpoint_all8_roles_swap,subspace_ridge,normalized_interval_score,0.0538
endpoint_all8_roles_swap,tcn,normalized_interval_score,0.36
endpoint_all8_roles_swap,attention,interval_score_hours,0.1561
endpoint_all8_roles_swap,competing_stop,interval_score_hours,0.4224
endpoint_all8_roles_swap,custom_boosting,interval_score_hours,0.0
endpoint_all8_roles_swap,random_forest,interval_score_hours,0.0
endpoint_all8_roles_swap,representation,interval_score_hours,0.1974
endpoint_all8_roles_swap,standard_boosting,interval_score_hours,0.0043
endpoint_all8_roles_swap,subspace_ridge,interval_score_hours,0.102
endpoint_all8_roles_swap,tcn,interval_score_hours,0.1178
endpoint_all8_roles_swap,attention,asymmetric_5,0.1333
endpoint_all8_roles_swap,competing_stop,asymmetric_5,0.1344
endpoint_all8_roles_swap,custom_boosting,asymmetric_5,0.0
endpoint_all8_roles_swap,random_forest,asymmetric_5,0.1389
endpoint_all8_roles_swap,representation,asymmetric_5,0.363
endpoint_all8_roles_swap,standard_boosting,asymmetric_5,0.0
endpoint_all8_roles_swap,subspace_ridge,asymmetric_5,0.0011
endpoint_all8_roles_swap,tcn,asymmetric_5,0.2293
endpoint_all8_roles_swap,attention,asymmetric_10,0.1236
endpoint_all8_roles_swap,competing_stop,asymmetric_10,0.1336
endpoint_all8_roles_swap,custom_boosting,asymmetric_10,0.0
endpoint_all8_roles_swap,random_forest,asymmetric_10,0.1399
endpoint_all8_roles_swap,representation,asymmetric_10,0.3678
endpoint_all8_roles_swap,standard_boosting,asymmetric_10,0.0
endpoint_all8_roles_swap,subspace_ridge,asymmetric_10,0.0003
endpoint_all8_roles_swap,tcn,asymmetric_10,0.2348
endpoint_all8_roles_swap,attention,coverage_error,0.0972
endpoint_all8_roles_swap,competing_stop,coverage_error,0.1525
endpoint_all8_roles_swap,custom_boosting,coverage_error,0.0216
endpoint_all8_roles_swap,random_forest,coverage_error,0.612
endpoint_all8_roles_swap,representation,coverage_error,0.0
endpoint_all8_roles_swap,standard_boosting,coverage_error,0.008
endpoint_all8_roles_swap,subspace_ridge,coverage_error,0.0615
endpoint_all8_roles_swap,tcn,coverage_error,0.0472
endpoint_all8_roles_swap,attention,alpha_lambda_accuracy,0.8576099999999975
endpoint_all8_roles_swap,competing_stop,alpha_lambda_accuracy,0.007251666666666674
endpoint_all8_roles_swap,custom_boosting,alpha_lambda_accuracy,0.04012666666666658
endpoint_all8_roles_swap,random_forest,alpha_lambda_accuracy,0.034021666666666645
endpoint_all8_roles_swap,representation,alpha_lambda_accuracy,0.00067
endpoint_all8_roles_swap,standard_boosting,alpha_lambda_accuracy,0.0393749999999999
endpoint_all8_roles_swap,subspace_ridge,alpha_lambda_accuracy,0.011799999999999996
endpoint_all8_roles_swap,tcn,alpha_lambda_accuracy,0.009145000000000004
endpoint_all8_roles_swap,attention,prognostic_horizon_fraction,0.125
endpoint_all8_roles_swap,competing_stop,prognostic_horizon_fraction,0.125
endpoint_all8_roles_swap,custom_boosting,prognostic_horizon_fraction,0.125
endpoint_all8_roles_swap,random_forest,prognostic_horizon_fraction,0.125
endpoint_all8_roles_swap,representation,prognostic_horizon_fraction,0.125
endpoint_all8_roles_swap,standard_boosting,prognostic_horizon_fraction,0.125
endpoint_all8_roles_swap,subspace_ridge,prognostic_horizon_fraction,0.125
endpoint_all8_roles_swap,tcn,prognostic_horizon_fraction,0.125
endpoint_all8_roles_reverse,attention,nMAE,0.5547
endpoint_all8_roles_reverse,competing_stop,nMAE,0.0008
endpoint_all8_roles_reverse,custom_boosting,nMAE,0.0059
endpoint_all8_roles_reverse,random_forest,nMAE,0.0403
endpoint_all8_roles_reverse,representation,nMAE,0.349
endpoint_all8_roles_reverse,standard_boosting,nMAE,0.001
endpoint_all8_roles_reverse,subspace_ridge,nMAE,0.0
endpoint_all8_roles_reverse,tcn,nMAE,0.0483
endpoint_all8_roles_reverse,attention,MAE_hours,0.3089
endpoint_all8_roles_reverse,competing_stop,MAE_hours,0.0144
endpoint_all8_roles_reverse,custom_boosting,MAE_hours,0.0905
endpoint_all8_roles_reverse,random_forest,MAE_hours,0.1631
endpoint_all8_roles_reverse,representation,MAE_hours,0.2866
endpoint_all8_roles_reverse,standard_boosting,MAE_hours,0.0516
endpoint_all8_roles_reverse,subspace_ridge,MAE_hours,0.0
endpoint_all8_roles_reverse,tcn,MAE_hours,0.0849
endpoint_all8_roles_reverse,attention,normalized_interval_score,0.2506
endpoint_all8_roles_reverse,competing_stop,normalized_interval_score,0.1249
endpoint_all8_roles_reverse,custom_boosting,normalized_interval_score,0.1214
endpoint_all8_roles_reverse,random_forest,normalized_interval_score,0.3937
endpoint_all8_roles_reverse,representation,normalized_interval_score,0.024
endpoint_all8_roles_reverse,standard_boosting,normalized_interval_score,0.0373
endpoint_all8_roles_reverse,subspace_ridge,normalized_interval_score,0.0005
endpoint_all8_roles_reverse,tcn,normalized_interval_score,0.0476
endpoint_all8_roles_reverse,attention,interval_score_hours,0.0649
endpoint_all8_roles_reverse,competing_stop,interval_score_hours,0.2377
endpoint_all8_roles_reverse,custom_boosting,interval_score_hours,0.2261
endpoint_all8_roles_reverse,random_forest,interval_score_hours,0.4155
endpoint_all8_roles_reverse,representation,interval_score_hours,0.0187
endpoint_all8_roles_reverse,standard_boosting,interval_score_hours,0.0086
endpoint_all8_roles_reverse,subspace_ridge,interval_score_hours,0.0
endpoint_all8_roles_reverse,tcn,interval_score_hours,0.0285
endpoint_all8_roles_reverse,attention,asymmetric_5,0.5483
endpoint_all8_roles_reverse,competing_stop,asymmetric_5,0.0586
endpoint_all8_roles_reverse,custom_boosting,asymmetric_5,0.0054
endpoint_all8_roles_reverse,random_forest,asymmetric_5,0.0378
endpoint_all8_roles_reverse,representation,asymmetric_5,0.3093
endpoint_all8_roles_reverse,standard_boosting,asymmetric_5,0.0
endpoint_all8_roles_reverse,subspace_ridge,asymmetric_5,0.0
endpoint_all8_roles_reverse,tcn,asymmetric_5,0.0406
endpoint_all8_roles_reverse,attention,asymmetric_10,0.5452
endpoint_all8_roles_reverse,competing_stop,asymmetric_10,0.0752
endpoint_all8_roles_reverse,custom_boosting,asymmetric_10,0.0025
endpoint_all8_roles_reverse,random_forest,asymmetric_10,0.0368
endpoint_all8_roles_reverse,representation,asymmetric_10,0.3017
endpoint_all8_roles_reverse,standard_boosting,asymmetric_10,0.0
endpoint_all8_roles_reverse,subspace_ridge,asymmetric_10,0.0
endpoint_all8_roles_reverse,tcn,asymmetric_10,0.0386
endpoint_all8_roles_reverse,attention,coverage_error,0.0156
endpoint_all8_roles_reverse,competing_stop,coverage_error,0.0105
endpoint_all8_roles_reverse,custom_boosting,coverage_error,0.1681
endpoint_all8_roles_reverse,random_forest,coverage_error,0.2099
endpoint_all8_roles_reverse,representation,coverage_error,0.0
endpoint_all8_roles_reverse,standard_boosting,coverage_error,0.5956
endpoint_all8_roles_reverse,subspace_ridge,coverage_error,0.0003
endpoint_all8_roles_reverse,tcn,coverage_error,0.0
endpoint_all8_roles_reverse,attention,alpha_lambda_accuracy,0.0004754761904761905
endpoint_all8_roles_reverse,competing_stop,alpha_lambda_accuracy,0.004200476190476189
endpoint_all8_roles_reverse,custom_boosting,alpha_lambda_accuracy,0.0
endpoint_all8_roles_reverse,random_forest,alpha_lambda_accuracy,0.40883214285714387
endpoint_all8_roles_reverse,representation,alpha_lambda_accuracy,0.0730304761904763
endpoint_all8_roles_reverse,standard_boosting,alpha_lambda_accuracy,0.4314654761904773
endpoint_all8_roles_reverse,subspace_ridge,alpha_lambda_accuracy,0.07878214285714298
endpoint_all8_roles_reverse,tcn,alpha_lambda_accuracy,0.003213809523809521
endpoint_all8_roles_reverse,attention,prognostic_horizon_fraction,0.125
endpoint_all8_roles_reverse,competing_stop,prognostic_horizon_fraction,0.125
endpoint_all8_roles_reverse,custom_boosting,prognostic_horizon_fraction,0.125
endpoint_all8_roles_reverse,random_forest,prognostic_horizon_fraction,0.125
endpoint_all8_roles_reverse,representation,prognostic_horizon_fraction,0.125
endpoint_all8_roles_reverse,standard_boosting,prognostic_horizon_fraction,0.125
endpoint_all8_roles_reverse,subspace_ridge,prognostic_horizon_fraction,0.125
endpoint_all8_roles_reverse,tcn,prognostic_horizon_fraction,0.125
