model,bearing_id,half_width_hours,scenario
attention,B02,6.043212445576986,forward
attention,B03,3.206384942796495,forward
attention,B04,12.004134697384304,forward
attention,B08,4.891084504657321,forward
attention,B10,8.159441163804797,forward
attention,B11,9.166288621690535,forward
attention,B12,1.955487132602268,forward
attention,B17,2.2911707941691084,forward
competing_stop,B02,8.670608449527782,forward
competing_stop,B03,5.683725238275936,forward
competing_stop,B04,11.076485285074217,forward
competing_stop,B08,3.815907146814383,forward
competing_stop,B10,3.315742832727034,forward
competing_stop,B11,9.59392690114558,forward
competing_stop,B12,4.55981513820937,forward
competing_stop,B17,5.993538376929327,forward
competing_threshold,B02,35.29027777777778,forward
competing_threshold,B03,30.47385394318531,forward
competing_threshold,B04,27.470277777777778,forward
competing_threshold,B08,29.025096525061624,forward
competing_threshold,B10,1.9013928883056657,forward
competing_threshold,B11,33.216388888888886,forward
competing_threshold,B12,33.81676982594535,forward
competing_threshold,B17,3.021638788781095,forward
context_only,B02,13.327350942446332,forward
context_only,B03,5.004400957357721,forward
context_only,B04,12.88794274288075,forward
context_only,B08,6.309933254652604,forward
context_only,B10,3.064873485428804,forward
context_only,B11,2.565517444312002,forward
context_only,B12,2.689364746305907,forward
context_only,B17,6.146059671085757,forward
custom_boosting,B02,5.499187260761419,forward
custom_boosting,B03,2.7369365692847083,forward
custom_boosting,B04,13.411524121040614,forward
custom_boosting,B08,6.095008158140345,forward
custom_boosting,B10,3.8538279383811753,forward
custom_boosting,B11,5.5484238881623575,forward
custom_boosting,B12,2.741685219107416,forward
custom_boosting,B17,5.543322205029771,forward
degradation,B02,28.0644820054681,forward
degradation,B03,9.570277777777775,forward
degradation,B04,9.71449429616219,forward
degradation,B08,5.3826826789615225,forward
degradation,B10,26.30251004931336,forward
degradation,B11,35.64555555555555,forward
degradation,B12,37.42111111111111,forward
degradation,B17,23.666388493662485,forward
elapsed_clock,B02,5.210277777777778,forward
elapsed_clock,B03,9.558333333333332,forward
elapsed_clock,B04,16.75861111111111,forward
elapsed_clock,B08,7.951944444444444,forward
elapsed_clock,B10,2.2972222222222225,forward
elapsed_clock,B11,14.808611111111112,forward
elapsed_clock,B12,5.146944444444443,forward
elapsed_clock,B17,2.8969444444444443,forward
random_forest,B02,5.940537263361764,forward
random_forest,B03,5.628221962127743,forward
random_forest,B04,13.111067712014211,forward
random_forest,B08,4.404899710759683,forward
random_forest,B10,6.6933248960592575,forward
random_forest,B11,4.64845807065042,forward
random_forest,B12,1.9898383700032127,forward
random_forest,B17,6.073580886928411,forward
representation,B02,7.16622689988878,forward
representation,B03,3.805109367370605,forward
representation,B04,11.57515548494127,forward
representation,B08,4.505111489825778,forward
representation,B10,2.3941994433932834,forward
representation,B11,8.108536766899956,forward
representation,B12,1.931677951812744,forward
representation,B17,6.317232507069906,forward
standard_boosting,B02,5.7132024020231045,forward
standard_boosting,B03,7.874926001674155,forward
standard_boosting,B04,12.8274691564908,forward
standard_boosting,B08,5.362632368100066,forward
standard_boosting,B10,4.65007684292589,forward
standard_boosting,B11,4.160516601706052,forward
standard_boosting,B12,2.2605640062346817,forward
standard_boosting,B17,5.5645807184159,forward
subspace_ridge,B02,6.766392239785627,forward
subspace_ridge,B03,6.326114332599063,forward
subspace_ridge,B04,13.115389221214771,forward
subspace_ridge,B08,7.018753386095078,forward
subspace_ridge,B10,4.043549535800903,forward
subspace_ridge,B11,12.391330186411343,forward
subspace_ridge,B12,1.8366217277621013,forward
subspace_ridge,B17,5.008877518762734,forward
tcn,B02,6.942715093824598,forward
tcn,B03,2.754800851609972,forward
tcn,B04,11.28301697836982,forward
tcn,B08,4.02386982070075,forward
tcn,B10,7.460949796040853,forward
tcn,B11,7.290827195909287,forward
tcn,B12,1.7908550590938992,forward
tcn,B17,6.236701511806912,forward
temperature_only,B02,14.24728414284536,forward
temperature_only,B03,3.963506314656797,forward
temperature_only,B04,13.464896999559532,forward
temperature_only,B08,6.401935893111715,forward
temperature_only,B10,2.121297831372486,forward
temperature_only,B11,7.8503003396783075,forward
temperature_only,B12,8.23809428987846,forward
temperature_only,B17,6.160702864710629,forward
time_only,B02,4.9275,forward
time_only,B03,1.7830555555555565,forward
time_only,B04,13.37888888888889,forward
time_only,B08,3.2244444444444444,forward
time_only,B10,3.1469444444444448,forward
time_only,B11,10.731111111111112,forward
time_only,B12,3.2244444444444444,forward
time_only,B17,5.625555555555556,forward
attention,B02,4.224902555677626,swap
attention,B03,3.662027473449707,swap
attention,B04,6.198776198493111,swap
attention,B08,12.11527129703098,swap
attention,B10,3.7717672114902063,swap
attention,B11,8.289501635233561,swap
attention,B12,5.009249814351399,swap
attention,B17,1.4025084198845752,swap
competing_stop,B02,5.489176259603301,swap
competing_stop,B03,6.24715599794595,swap
competing_stop,B04,6.6684483804361205,swap
competing_stop,B08,12.43761026484338,swap
competing_stop,B10,1.8685662044369868,swap
competing_stop,B11,4.214232517864122,swap
competing_stop,B12,9.06492007198866,swap
competing_stop,B17,4.46037705134234,swap
competing_threshold,B02,3.917925004558948,swap
competing_threshold,B03,35.29027777777778,swap
competing_threshold,B04,24.59870606908302,swap
competing_threshold,B08,27.45388888888889,swap
competing_threshold,B10,30.5175,swap
competing_threshold,B11,1.899393407668818,swap
competing_threshold,B12,33.21055555555556,swap
competing_threshold,B17,31.47561954557993,swap
context_only,B02,7.488894736299699,swap
context_only,B03,13.263593458767064,swap
context_only,B04,6.56210041371556,swap
context_only,B08,13.322676693349322,swap
context_only,B10,3.4511241408903777,swap
context_only,B11,9.000995260285832,swap
context_only,B12,1.8991909662408288,swap
context_only,B17,3.866869675236857,swap
custom_boosting,B02,6.438952882089875,swap
custom_boosting,B03,4.617611797427549,swap
custom_boosting,B04,6.407278613404544,swap
custom_boosting,B08,14.27993029506355,swap
custom_boosting,B10,2.589495259967312,swap
custom_boosting,B11,8.265365467355549,swap
custom_boosting,B12,9.953802138463786,swap
custom_boosting,B17,4.196871506357612,swap
degradation,B02,27.332371202622472,swap
degradation,B03,5.211666666666666,swap
degradation,B04,5.545693922496607,swap
degradation,B08,14.49912501456015,swap
degradation,B10,26.89508173499601,swap
degradation,B11,36.94555555555556,swap
degradation,B12,35.577777777777776,swap
degradation,B17,21.94320990868285,swap
elapsed_clock,B02,2.8969444444444443,swap
elapsed_clock,B03,5.210277777777778,swap
elapsed_clock,B04,9.558333333333332,swap
elapsed_clock,B08,16.75861111111111,swap
elapsed_clock,B10,7.951944444444444,swap
elapsed_clock,B11,2.2972222222222225,swap
elapsed_clock,B12,14.808611111111112,swap
elapsed_clock,B17,5.146944444444443,swap
random_forest,B02,7.488669529418951,swap
random_forest,B03,7.484915690869902,swap
random_forest,B04,6.373299756047962,swap
random_forest,B08,13.688744448359405,swap
random_forest,B10,3.886512855937899,swap
random_forest,B11,13.129151814010209,swap
random_forest,B12,12.30806985610175,swap
random_forest,B17,2.759883360980006,swap
representation,B02,4.404434958563911,swap
representation,B03,4.184311587015788,swap
representation,B04,5.786106139289007,swap
representation,B08,13.30137613826328,swap
representation,B10,3.6968032285902233,swap
representation,B11,15.342249849107532,swap
representation,B12,2.446566922929552,swap
representation,B17,1.8673289383782272,swap
standard_boosting,B02,6.701322766000464,swap
standard_boosting,B03,5.001625036974144,swap
standard_boosting,B04,6.14206859978362,swap
standard_boosting,B08,14.373664340838308,swap
standard_boosting,B10,3.1367153083577053,swap
standard_boosting,B11,11.929910468090895,swap
standard_boosting,B12,11.177487538745014,swap
standard_boosting,B17,2.7205820078520704,swap
subspace_ridge,B02,5.130982988537937,swap
subspace_ridge,B03,2.992510808635954,swap
subspace_ridge,B04,3.914498942377804,swap
subspace_ridge,B08,12.95705358111808,swap
subspace_ridge,B10,3.5420198327212877,swap
subspace_ridge,B11,13.35925951530539,swap
subspace_ridge,B12,8.13243249384988,swap
subspace_ridge,B17,4.5377785194298745,swap
tcn,B02,5.328139538235135,swap
tcn,B03,3.29843064626058,swap
tcn,B04,5.852508259879219,swap
tcn,B08,13.09513860596551,swap
tcn,B10,3.532499422497219,swap
tcn,B11,7.292219149271647,swap
tcn,B12,3.688601493835449,swap
tcn,B17,1.6420817820231122,swap
temperature_only,B02,7.839095271650817,swap
temperature_only,B03,12.975286747869522,swap
temperature_only,B04,7.03796363352633,swap
temperature_only,B08,13.804039460484178,swap
temperature_only,B10,4.90308376532758,swap
temperature_only,B11,16.108013288003715,swap
temperature_only,B12,9.428628685136848,swap
temperature_only,B17,8.627593884141831,swap
time_only,B02,7.408611111111112,swap
time_only,B03,3.1444444444444444,swap
time_only,B04,5.0075,swap
time_only,B08,13.37888888888889,swap
time_only,B10,3.1444444444444444,swap
time_only,B11,3.1469444444444448,swap
time_only,B12,7.586666666666669,swap
time_only,B17,3.2244444444444444,swap
attention,B02,1.697412935892741,reverse
attention,B03,7.12683316760593,reverse
attention,B04,3.740459671020508,reverse
attention,B08,1.6871733358171253,reverse
attention,B10,0.9274403550889754,reverse
attention,B11,6.008731018702191,reverse
attention,B12,9.574007430606418,reverse
attention,B17,10.181688249376084,reverse
competing_stop,B02,3.3695783801642776,reverse
competing_stop,B03,9.137058440671282,reverse
competing_stop,B04,6.751225581479265,reverse
competing_stop,B08,2.627174776199904,reverse
competing_stop,B10,3.1322403406447394,reverse
competing_stop,B11,7.220616106892436,reverse
competing_stop,B12,8.196808725271204,reverse
competing_stop,B17,3.154078406667944,reverse
competing_threshold,B02,1.896394259551252,reverse
competing_threshold,B03,32.772222222222226,reverse
competing_threshold,B04,35.67861111111111,reverse
competing_threshold,B08,3.900968805588021,reverse
competing_threshold,B10,30.181944444444447,reverse
competing_threshold,B11,25.27688850270505,reverse
competing_threshold,B12,27.698055555555555,reverse
competing_threshold,B17,32.21141651222685,reverse
context_only,B02,6.622897871491448,reverse
context_only,B03,2.6107508678426883,reverse
context_only,B04,5.13146906228953,reverse
context_only,B08,2.5340637222517577,reverse
context_only,B10,3.072554035532651,reverse
context_only,B11,5.76577644101304,reverse
context_only,B12,12.977599651995131,reverse
context_only,B17,9.35588219069507,reverse
custom_boosting,B02,3.5708771676653304,reverse
custom_boosting,B03,10.63810296598064,reverse
custom_boosting,B04,7.628754615783141,reverse
custom_boosting,B08,4.353039607405373,reverse
custom_boosting,B10,1.6066993534774845,reverse
custom_boosting,B11,6.4547810505451135,reverse
custom_boosting,B12,10.521923671929482,reverse
custom_boosting,B17,6.706579599213943,reverse
degradation,B02,36.869166666666665,reverse
degradation,B03,17.6846075411555,reverse
degradation,B04,25.674965104463222,reverse
degradation,B08,2.89,reverse
degradation,B10,9.814753628064611,reverse
degradation,B11,8.374190997199161,reverse
degradation,B12,27.442500000000003,reverse
degradation,B17,36.35333333333333,reverse
elapsed_clock,B02,2.2972222222222225,reverse
elapsed_clock,B03,14.808611111111112,reverse
elapsed_clock,B04,5.146944444444443,reverse
elapsed_clock,B08,2.8969444444444443,reverse
elapsed_clock,B10,5.210277777777778,reverse
elapsed_clock,B11,9.558333333333332,reverse
elapsed_clock,B12,16.75861111111111,reverse
elapsed_clock,B17,7.951944444444444,reverse
random_forest,B02,2.313726632596865,reverse
random_forest,B03,8.762506899215524,reverse
random_forest,B04,7.17883125279548,reverse
random_forest,B08,4.3299649673444005,reverse
random_forest,B10,1.7221839718592171,reverse
random_forest,B11,6.355947088199208,reverse
random_forest,B12,10.8253140926556,reverse
random_forest,B17,7.740592587021051,reverse
representation,B02,3.671311579810249,reverse
representation,B03,7.458991769154867,reverse
representation,B04,3.228829305436877,reverse
representation,B08,2.2501816643608943,reverse
representation,B10,1.4129212803310818,reverse
representation,B11,6.592592997550964,reverse
representation,B12,11.309751301871405,reverse
representation,B17,1.8848234219021276,reverse
standard_boosting,B02,4.867844985523873,reverse
standard_boosting,B03,6.693921790797724,reverse
standard_boosting,B04,7.608378803902431,reverse
standard_boosting,B08,7.55027806153058,reverse
standard_boosting,B10,1.2115204634208057,reverse
standard_boosting,B11,7.013524663962133,reverse
standard_boosting,B12,10.81119455539202,reverse
standard_boosting,B17,8.766097676826647,reverse
subspace_ridge,B02,7.072961981882193,reverse
subspace_ridge,B03,2.9474741400559576,reverse
subspace_ridge,B04,7.174022414229884,reverse
subspace_ridge,B08,8.422838640215755,reverse
subspace_ridge,B10,1.5291228791526192,reverse
subspace_ridge,B11,4.059913287016421,reverse
subspace_ridge,B12,9.401898251243896,reverse
subspace_ridge,B17,9.809175023213747,reverse
tcn,B02,4.513804649776883,reverse
tcn,B03,7.364584092034235,reverse
tcn,B04,5.28160736931695,reverse
tcn,B08,1.878490914238824,reverse
tcn,B10,1.2402520476447214,reverse
tcn,B11,6.592138889100816,reverse
tcn,B12,10.3953792974684,reverse
tcn,B17,5.5813293372260215,reverse
temperature_only,B02,6.687226300549306,reverse
temperature_only,B03,7.650274881490195,reverse
temperature_only,B04,13.919453471728822,reverse
temperature_only,B08,3.275140695697461,reverse
temperature_only,B10,3.0319175907058105,reverse
temperature_only,B11,5.971577647826544,reverse
temperature_only,B12,13.083314362468832,reverse
temperature_only,B17,10.575156452401554,reverse
time_only,B02,6.291388888888889,reverse
time_only,B03,7.586666666666669,reverse
time_only,B04,5.0075,reverse
time_only,B08,5.625555555555556,reverse
time_only,B10,0.0800000000000005,reverse
time_only,B11,5.0075,reverse
time_only,B12,13.29888888888889,reverse
time_only,B17,3.1444444444444444,reverse
