model,bearing_id,nMAE,MAE_hours,late_MAE_hours,coverage,interval_score_hours,normalized_interval_score,mean_width_hours,slope,monotonic_violation_rate,asymmetric_5,asymmetric_10,alpha_lambda_accuracy,prognostic_horizon_fraction,coverage_error,records,duration_hours,scenario
attention,B02,0.5267005886920851,2.9584479455396258,2.390723099423868,0.8826164874551972,8.738435133296495,1.5557275347345523,7.718170662965949,-1.4962438708759065,0.4923766816143498,2.6235402659210707,5.244589862457302,0.3333333333333333,0.0,0.01738351254480286,1116,5.616944444444444,swap
attention,B03,0.3578094852626754,1.1506556696905537,1.0427089521096589,1.0,6.2512287404757325,1.9438907718504481,6.2512287404757325,-1.132000161235603,0.4910277324632953,1.789047426313377,3.578094852626754,0.0,0.0,0.09999999999999998,614,3.2158333333333333,swap
attention,B04,0.07415800328743007,0.42247402483941754,0.3992985306853203,1.0,9.152534062567325,1.6065689514477728,9.152534062567325,-0.9336111956984409,0.49056603773584906,0.24508424887020316,0.4587420558486695,0.3333333333333333,0.0,0.09999999999999998,1114,5.696944444444444,swap
attention,B08,0.317623894138413,3.3745774175016723,1.2793058212806439,1.0,14.167172769293925,1.333450689433647,14.167172769293925,-0.24412034349243433,0.5087623220153341,0.33389425462857164,0.35423220524126986,0.3333333333333333,0.0,0.09999999999999998,1827,10.624444444444444,swap
attention,B10,0.2593309882988611,4.926208231893782,2.319276904331868,0.391439205955335,47.00026485690267,2.4742407470183463,6.908239972976551,-0.4042796116416514,0.500465404902265,0.2699490135616095,0.28322154514004516,0.3333333333333333,0.0,0.508560794044665,3224,18.995833333333334,swap
attention,B11,0.6473926660274663,5.723850324163395,1.6626068554555786,0.6344086021505376,48.07239707673153,5.437199707066936,13.919560585862776,-2.732139073179367,0.5015368852459017,3.205761116266509,6.403721679065312,0.3333333333333333,0.0,0.2655913978494624,1953,8.841388888888888,swap
attention,B12,0.6040621799990343,1.5403585589975375,0.38451151194081823,0.9165580182529335,11.73969893851369,4.603803505299487,7.317775188839636,-3.015696253626307,0.5078328981723238,2.9970089642957176,5.988192444666572,0.3333333333333333,0.0,0.01655801825293346,767,2.55,swap
attention,B17,0.19200332307725548,3.154241258364435,0.7074653631438103,0.4226125137211855,45.403595500117966,2.763783902883358,2.759084662617453,-0.426243151729094,0.486090775988287,0.20032641048676686,0.21073026974865605,0.6666666666666666,0.0,0.4773874862788145,2733,16.428055555555556,swap
competing_stop,B02,0.8207881412743192,4.610321390196669,3.3453837780109,0.6702508960573477,23.972788106932402,4.267941109982526,9.944890867883545,-2.269095721446471,0.4556053811659193,4.081137729283581,8.156574714295159,0.0,0.0,0.22974910394265236,1116,5.616944444444444,swap
competing_stop,B03,0.4882362222738183,1.5700863181288873,1.9827560015781145,1.0,8.978880858061757,2.7920852629370585,8.978880858061757,-0.053589819128051525,0.47145187601957583,2.1728556502251477,4.278629935164308,0.0,0.0,0.09999999999999998,614,3.2158333333333333,swap
competing_stop,B04,0.19465848667376637,1.1089585842200762,0.3686336854696027,0.9937163375224417,10.147454602628821,1.7812100331300287,9.968620906394765,-1.4299994150434527,0.46900269541778977,0.8209601517450739,1.6038372330842081,0.0,0.0,0.09371633752244168,1114,5.696944444444444,swap
competing_stop,B08,0.35614126321803835,3.783803065434314,1.6266786187429627,1.0,13.999379456034035,1.3176575518124485,13.999379456034035,-0.2266982744929308,0.4846659364731654,0.35718139820415085,0.35848156693679156,0.0,0.0,0.09999999999999998,1827,10.624444444444444,swap
competing_stop,B10,0.1843861538724757,3.502568647935903,1.0718165954123529,0.4317617866004963,46.45958220001896,2.445777523142038,3.6547951846095237,-0.4150979243527496,0.5023270245113248,0.21910734535263515,0.2625088347028345,0.6666666666666666,0.0,0.4682382133995037,3224,18.995833333333334,swap
competing_stop,B11,0.19596886297669597,1.7326369276903488,1.5726567405370089,0.9764464925755248,8.47903044603509,0.9590156651395371,8.070273887433034,-0.9274340382776439,0.4964139344262295,0.9227924111243561,1.831321846308931,0.0,0.0,0.07644649257552483,1953,8.841388888888888,swap
competing_stop,B12,0.785914000110717,2.004080700282328,1.2412489706804148,1.0,12.34423581500603,4.840876790198443,12.34423581500603,-2.137614905345981,0.5013054830287206,3.9295700005535856,7.859140001107171,0.0,0.0,0.09999999999999998,767,2.55,swap
competing_stop,B17,0.25029406857381936,4.111844863756737,1.1131980775312746,0.5799487742407611,35.928016272759066,2.1869914032893023,8.428060933227522,-0.19978729948016768,0.5292825768667643,0.29765891566709846,0.3568649745336973,0.6666666666666666,0.0,0.32005122575923894,2733,16.428055555555556,swap
competing_threshold,B02,2.1319680427765206,11.975146053606673,16.6915280904719,0.3172043010752688,182.1497243711996,32.42861419990696,7.181253034777783,1.780058244052825,0.5587443946188341,10.280526644233623,20.466224896055,0.0,0.0,0.5827956989247312,1116,5.616944444444444,swap
competing_threshold,B03,0.6565853854352631,2.1114691686622336,1.9222651939225204,1.0,36.799032211831985,11.443078169007096,36.799032211831985,0.6560656774883158,0.47145187601957583,1.9083921525438112,3.473150611429496,0.0,0.0,0.09999999999999998,614,3.2158333333333333,swap
competing_threshold,B04,1.7959746093711206,10.231567573220087,12.411768748926571,0.7899461400359067,55.19026855951252,9.687696465661176,34.99451388542749,0.3571479249292005,0.4752920035938904,8.586328229765751,17.07427025525904,0.0,0.0,0.11005385996409334,1114,5.696944444444444,swap
competing_threshold,B08,1.088995004788279,11.569966928650583,12.874616689286464,0.933223864258347,43.958321404775205,4.137470117579762,40.84369828577109,1.0370633190780025,0.4879518072289157,4.8414439338445225,9.532005095164827,0.0,0.0,0.033223864258347,1827,10.624444444444444,swap
competing_threshold,B10,0.7842745317904509,14.89794829346944,15.734035868150924,0.9795285359801489,51.40970894956223,2.7063676569192663,50.96543934747979,-0.23364397726754796,0.29878994725411107,3.6467734568869696,7.224897113257618,0.0,0.0,0.07952853598014886,3224,18.995833333333334,swap
competing_threshold,B11,1.31619002031881,11.636947821313166,17.785187907233254,0.2345110087045571,203.05658179718694,22.966593184513275,3.658563835583655,2.0216702142080822,0.5573770491803278,6.105036173128352,12.091093864140277,0.0,0.0,0.6654889912954429,1953,8.841388888888888,swap
competing_threshold,B12,0.45829306428284583,1.1686473139212568,1.101815679913702,1.0,34.91163372024599,13.690836753037644,34.91163372024599,-0.16350992791714353,0.5261096605744126,1.7088737983037399,3.2720997158298575,0.3333333333333333,0.0,0.09999999999999998,767,2.55,swap
competing_threshold,B17,1.2090704562766212,19.86267662629324,19.443157944253752,0.8338821807537504,59.690356171206005,3.63344012134292,54.73923623249179,-0.6742929212784047,0.3506588579795022,5.829082082154974,11.604096614502915,0.0,0.0,0.0661178192462496,2733,16.428055555555556,swap
context_only,B02,0.7973892037183037,4.478890857885505,4.771830522360783,0.9543010752688172,14.685095965446749,2.6144278460812176,14.013119203281837,-0.9336396135200731,0.41524663677130047,3.9869460185915178,7.9738920371830355,0.0,0.0,0.05430107526881722,1116,5.616944444444444,swap
context_only,B03,0.7319297388274549,2.3537640517792906,2.38577398173764,1.0,17.224780148982838,5.356241559673337,17.224780148982838,-0.9700604726258265,0.43066884176182707,3.6596486941372754,7.319297388274551,0.0,0.0,0.09999999999999998,614,3.2158333333333333,swap
context_only,B04,0.24665019336993813,1.4051524488400169,1.3370850199193887,1.0,9.310026921241597,1.6342140970534766,9.310026921241597,-0.3324732846280415,0.46271338724168914,0.6903005701507434,1.2448635411267501,0.3333333333333333,0.0,0.09999999999999998,1114,5.696944444444444,swap
context_only,B08,0.3664328053293156,3.8931449828432396,2.529888963382385,1.0,14.772224240216577,1.39039968795178,14.772224240216577,-0.4745102204142622,0.47973713033953996,0.36693084572788803,0.36755339622610345,0.0,0.0,0.09999999999999998,1827,10.624444444444444,swap
context_only,B10,0.3053221000941496,5.799847726371784,3.556215409282782,0.515818858560794,64.66884284318257,3.4043698798780033,5.1547409813397485,-0.5000367943587313,0.47378219050574,0.3057096564596999,0.30619410191663765,0.0,0.0,0.384181141439206,3224,18.995833333333334,swap
context_only,B11,0.5536581229713998,4.895106776682412,7.554622606092718,0.7731694828469022,19.108627674854784,2.1612698994463297,17.602442495558112,0.25343006690270925,0.4651639344262295,2.7533431454327784,5.502949423509501,0.0,0.0,0.1268305171530978,1953,8.841388888888888,swap
context_only,B12,2.4400501870489233,6.222127976974754,6.286962239080652,0.0,90.25712214716013,35.394949861631424,3.798381932481658,-0.9123366968525304,0.4464751958224543,12.200250935244615,24.40050187048923,0.0,0.0,0.9,767,2.55,swap
context_only,B17,0.11966215152305452,1.9658164731180465,2.4653522368144505,0.9996341017197219,7.672374239348844,0.4670287492882406,7.659204625537577,-0.8894919828232029,0.10505124450951683,0.5967529057298723,1.1931163484883944,0.0,0.0,0.09963410171972187,2733,16.428055555555556,swap
custom_boosting,B02,1.0010363698701268,5.622765676428843,5.67958421481854,0.6872759856630825,19.57138858585577,3.484347901146372,12.459895755055815,-1.165171497867375,0.0242152466367713,5.005181849350635,10.01036369870127,0.0,0.0,0.21272401433691757,1116,5.616944444444444,swap
custom_boosting,B03,0.9416652338767189,3.028238447941882,3.1066938418078776,0.9625407166123778,8.982607773075364,2.7932441896062286,8.619556536501314,-1.1674217350339444,0.0766721044045677,4.706010518498656,9.411442124276077,0.0,0.0,0.06254071661237781,614,3.2158333333333333,swap
custom_boosting,B04,0.15179630871354696,0.8647751376128151,0.7583444124745855,1.0,8.930308323205697,1.567561068971696,8.930308323205697,-0.8825315434358723,0.0880503144654088,0.35431038020084016,0.6074529695599566,0.3333333333333333,0.0,0.09999999999999998,1114,5.696944444444444,swap
custom_boosting,B08,0.2909287124005847,3.090955942193768,1.0150202644080324,1.0,16.563279004745123,1.5589783627139313,16.563279004745123,-0.2574707253831885,0.11062431544359255,0.2973775810669588,0.3054386668999264,0.3333333333333333,0.0,0.09999999999999998,1827,10.624444444444444,swap
custom_boosting,B10,0.2568062111327437,4.878247985642411,1.7314482360930386,0.40198511166253104,62.252035802950665,3.2771416084027547,5.137978958444011,-0.20179372659256112,0.06298479677319267,0.3126146834604938,0.3823752738701814,0.6666666666666666,0.0,0.498014888337469,3224,18.995833333333334,swap
custom_boosting,B11,0.5238488133246613,4.631551077586289,5.6673619641946775,1.0,16.207380769970946,1.833126104241271,16.207380769970946,-0.5438105771916848,0.0942622950819672,2.6192440666233057,5.238488133246611,0.0,0.0,0.09999999999999998,1953,8.841388888888888,swap
custom_boosting,B12,1.086850159695867,2.771467907224461,2.534458884087817,1.0,14.000505088423289,5.4903941523228585,14.000505088423289,-1.5542025007682658,0.022193211488250653,5.434250798479335,10.86850159695867,0.0,0.0,0.09999999999999998,767,2.55,swap
custom_boosting,B17,0.30047590850426414,4.93623491801408,1.7685443359730886,0.5243322356384925,46.85724946415762,2.852269966198871,7.524798567392959,-0.21273084497138942,0.09370424597364568,0.310658945434767,0.3233877415978955,0.3333333333333333,0.0,0.3756677643615075,2733,16.428055555555556,swap
degradation,B02,2.842230113478086,15.964648645733435,14.729150133831167,0.9793906810035843,46.8263442380897,8.336622286589336,45.6264619977327,-1.973416793638576,0.4726457399103139,14.138199737016658,28.258161766439862,0.0,0.0,0.07939068100358426,1116,5.616944444444444,swap
degradation,B03,0.4998463762953559,1.607422638436482,0.8012318445896878,1.0,5.211666666666666,1.6206271054677375,5.211666666666666,0.0,0.0,0.4998463762953559,0.4998463762953559,0.0,0.0,0.09999999999999998,614,3.2158333333333333,swap
degradation,B04,0.6149112175450459,3.5031150446198183,0.9923506978048486,0.751346499102334,27.87541373536157,4.893046440455491,8.285269982951487,-2.5293676875764244,0.36028751123090746,2.592535500653334,5.064565854538695,0.0,0.0,0.14865350089766605,1114,5.696944444444444,swap
degradation,B08,0.43804253692423983,4.65395859785509,2.350173400779841,1.0,15.185213245142693,1.4292712738578146,15.185213245142693,-0.1433138734183899,0.3357064622124863,0.43804253692423983,0.43804253692423983,0.0,0.0,0.09999999999999998,1827,10.624444444444444,swap
degradation,B10,0.9266361615554342,17.602226085546768,19.796933752551958,0.8762406947890818,53.328394199209804,2.8073732414587305,50.01811822074062,-0.5735729045790062,0.26838349363946634,4.6022144209279086,9.196687245143501,0.0,0.0,0.02375930521091818,3224,18.995833333333334,swap
degradation,B11,3.4815388734541317,30.781639111992096,32.26082500590997,0.9503328213005633,71.48433747273461,8.085193216935645,71.27201455073427,-0.6871117492798887,0.08760245901639344,17.407694367270658,34.815388734541315,0.0,0.0,0.05033282130056327,1953,8.841388888888888,swap
degradation,B12,9.763257835986,24.8963074817643,25.102216017907065,0.5945241199478487,69.42623768033222,27.2259755609146,60.64518550544367,0.6876262075710815,0.3328981723237598,48.81628917993,97.63257835986,0.0,0.0,0.3054758800521513,767,2.55,swap
degradation,B17,0.7180380721131993,11.795969339679644,13.52260832949902,1.0,40.680498021166315,2.4762819850222137,40.680498021166315,-0.6072345098009749,0.4952415812591508,3.532277377036113,7.050076508189755,0.3333333333333333,0.0,0.09999999999999998,2733,16.428055555555556,swap
elapsed_clock,B02,0.5054979395245265,2.839353843090403,2.782547325102881,0.514336917562724,18.73329549980088,3.3351398941339783,5.001017522899242,1.0000000000000004,1.0,1.4643066870932824,2.662817621554228,0.3333333333333333,0.0,0.385663082437276,1116,5.616944444444444,swap
elapsed_clock,B03,0.49975423020877907,1.607126311979732,1.613369644153958,1.0,6.818688472674629,2.1203488383543805,6.818688472674629,0.9999999999999997,1.0,1.499877185444914,2.7500308794900823,0.3333333333333333,0.0,0.09999999999999998,614,3.2158333333333333,swap
elapsed_clock,B04,0.5086346905719807,2.897663574705765,2.862148215733982,1.0,12.365924596050267,2.1706240453352654,12.365924596050267,1.0000000000000004,1.0,1.4972002920642715,2.732907293929635,0.3333333333333333,0.0,0.09999999999999998,1114,5.696944444444444,swap
elapsed_clock,B08,0.4996353702114293,5.308348233290763,5.267113672399073,1.0,22.043008727117922,2.0747445988711704,22.043008727117922,1.0,1.0,1.4884304170162705,2.7244242255223217,0.3333333333333333,0.0,0.09999999999999998,1827,10.624444444444444,swap
elapsed_clock,B10,0.4891768270834138,9.292321477805348,9.507027045030641,0.4305210918114144,75.6091748518059,3.9803031288513746,14.39773633512545,1.0000000000000004,1.0,1.5249088007233893,2.8195737677733583,0.3333333333333333,0.0,0.4694789081885856,3224,18.995833333333334,swap
elapsed_clock,B11,0.5015070049908436,4.434018461625988,4.449297318791184,0.2560163850486431,52.99078269898162,5.993490769937285,4.296969761620301,1.0000000000000004,1.0,1.509523264174886,2.7695435881549386,0.3333333333333333,0.0,0.6439836149513569,1953,8.841388888888888,swap
elapsed_clock,B12,0.5003669901974988,1.2759358250036217,1.277130838410212,1.0,16.083376068376072,6.3072063013239505,16.083376068376072,1.0000000000000002,1.0,1.5007322761061548,2.751188883491974,0.3333333333333333,0.0,0.09999999999999998,767,2.55,swap
elapsed_clock,B17,0.5002789323991342,8.218610094727,8.198098259313486,0.3135748261983169,87.0452562304346,5.298573281303403,9.482736410944423,1.0000000000000004,1.0,1.4979744370856247,2.745093817943738,0.3333333333333333,0.0,0.5864251738016831,2733,16.428055555555556,swap
random_forest,B02,0.9087594090583473,5.1044511140469,4.045193486379692,0.9444444444444444,14.856868157405064,2.645008919769459,13.542749050436308,-2.0401929176324933,0.47713004484304933,4.512955734773084,9.018201141916505,0.0,0.0,0.0444444444444444,1116,5.616944444444444,swap
random_forest,B03,0.8998959164136188,2.8939152845334624,2.897489249753306,1.0,11.986253613839848,3.7272620721968948,11.986253613839848,-1.1308958299864238,0.4910277324632953,4.499479582068093,8.998959164136187,0.0,0.0,0.09999999999999998,614,3.2158333333333333,swap
random_forest,B04,0.14192847487995194,0.808558636475815,0.754506787419642,1.0,8.979197508958913,1.5761427194037783,8.979197508958913,-1.3039058689112464,0.4339622641509434,0.36541952927929433,0.6447833472784724,0.0,0.0,0.09999999999999998,1114,5.696944444444444,swap
random_forest,B08,0.30054708868815144,3.1931458467067824,1.1210306227573157,1.0,15.858644045741471,1.4926563105173942,15.858644045741471,-0.2629776688586828,0.46221248630887185,0.30487646624223946,0.3102881881848494,0.3333333333333333,0.0,0.09999999999999998,1827,10.624444444444444,swap
random_forest,B10,0.25174704995588293,4.782145003120292,1.4441778655706397,0.5077543424317618,50.63920663200465,2.665806008265215,7.406758832491496,-0.2549011098924178,0.4843313682904127,0.26515495889621143,0.281914845071622,0.6666666666666666,0.0,0.39224565756823826,3224,18.995833333333334,swap
random_forest,B11,0.5728587927283347,5.064867364930601,6.392276229522817,1.0,22.603656915755963,2.5565730904747705,22.603656915755963,-0.46836603881211963,0.45491803278688525,2.864293963641673,5.728587927283346,0.0,0.0,0.09999999999999998,1953,8.841388888888888,swap
random_forest,B12,0.35580942680619415,0.907314038355795,0.3310732991911433,1.0,14.276092791139877,5.5984677612313245,14.276092791139877,-1.9369640616644703,0.45300261096605743,1.6107913332053179,3.179518716204222,0.3333333333333333,0.0,0.09999999999999998,767,2.55,swap
random_forest,B17,0.22305340285013198,3.664333693877682,0.9985541959770966,0.5067691181851446,41.44258407567034,2.52267128848706,5.30226861245749,-0.2867453554979841,0.4765739385065886,0.2753351627667735,0.34068736266257543,0.0,0.0,0.39323088181485544,2733,16.428055555555556,swap
representation,B02,0.2888955603266699,1.6227103126015534,1.6992112075658439,1.0,7.934773005367025,1.4126493654775378,7.934773005367025,-1.1872008617425844,0.48878923766816146,1.4069534352808282,2.8045257789735256,0.0,0.0,0.09999999999999998,1116,5.616944444444444,swap
representation,B03,0.39029954788037263,1.2551382960586317,0.7275736461946261,1.0,6.854892332777199,2.131606840977621,6.854892332777199,-1.5933388681689271,0.466557911908646,1.9514977394018638,3.9029954788037275,0.0,0.0,0.09999999999999998,614,3.2158333333333333,swap
representation,B04,0.13519487038181688,0.7701976657390783,0.5765529666869422,1.0,8.525285855767414,1.496466384551304,8.525285855767414,-1.257333384108529,0.5004492362982929,0.3791670806803477,0.6841323435535113,0.0,0.0,0.09999999999999998,1114,5.696944444444444,swap
representation,B08,0.322400479821605,3.425325986726875,1.2493584261922186,1.0,15.24003696524357,1.4344314232084514,15.24003696524357,-0.22884447689167098,0.5191675794085433,0.3269070272723047,0.3325402115856794,0.0,0.0,0.09999999999999998,1827,10.624444444444444,swap
representation,B10,0.3056300810676525,5.805698081614282,2.466293477112976,0.35266749379652607,65.61597787192102,3.4542300261594745,6.66649558414875,-0.25658366849388775,0.48836487744337576,0.3090853348624804,0.3134044021060153,0.3333333333333333,0.0,0.547332506203474,3224,18.995833333333334,swap
representation,B11,0.5728748742202513,5.065009547654549,1.671121972349921,1.0,24.044333024320583,2.7195198997000882,24.044333024320583,-2.4327722497398265,0.5040983606557377,2.8613709147128246,5.721990965328541,0.3333333333333333,0.0,0.09999999999999998,1953,8.841388888888888,swap
representation,B12,0.7944385100457034,2.0258182006165435,0.5479739524966636,0.8135593220338984,19.72994414130552,7.7372329965904,4.027870121314211,-3.9151937284231684,0.4556135770234987,3.8281176676714024,7.6202166147035255,0.0,0.0,0.08644067796610166,767,2.55,swap
representation,B17,0.14652631866356608,2.4071425033561007,0.8302004303928747,0.49542627149652396,25.196062738854312,1.5337215444425276,3.6173727212098794,-0.6107641849095122,0.4890190336749634,0.15445741774960114,0.164371291607145,0.6666666666666666,0.0,0.40457372850347606,2733,16.428055555555556,swap
standard_boosting,B02,0.9903292036671414,5.56262411870924,4.95463644805898,0.696236559139785,17.338941492731603,3.0868992321761426,12.550124720945929,-1.6301576825051785,0.23946188340807176,4.951646018335707,9.903292036671415,0.0,0.0,0.20376344086021503,1116,5.616944444444444,swap
standard_boosting,B03,1.217620941856734,3.915666012187614,3.1597153045256863,0.5993485342019544,24.36656278820286,7.577060208821827,8.888891570989827,-2.0118161808556367,0.4029363784665579,6.08771846708864,12.175340373628526,0.0,0.0,0.3006514657980456,614,3.2158333333333333,swap
standard_boosting,B04,0.09789759959006898,0.5577171861090902,0.5474909903192188,1.0,8.984858578801514,1.5771364222383077,8.984858578801514,-1.106060074926931,0.29649595687331537,0.2875066680486746,0.5245180036219318,0.3333333333333333,0.0,0.09999999999999998,1114,5.696944444444444,swap
standard_boosting,B08,0.33169255916517604,3.5240491674860146,1.2282544262472315,1.0,16.209547169371405,1.5256842138082267,16.209547169371405,-0.18714751863528295,0.39704271631982474,0.33543584526083187,0.34011495288040167,0.0,0.0,0.09999999999999998,1827,10.624444444444444,swap
standard_boosting,B10,0.24336769681522238,4.622972207419162,1.231174084931637,0.4798387096774194,55.66783117969524,2.930528511324163,6.079461672023588,-0.2048987182069528,0.3717033819422898,0.28563204556383753,0.3384624814996064,0.6666666666666666,0.0,0.42016129032258065,3224,18.995833333333334,swap
standard_boosting,B11,0.5631283587752691,4.9788368142939,7.235469733287381,1.0,21.233972101676155,2.401655709134254,21.233972101676155,-0.11553315570949965,0.2151639344262295,2.8156417938763463,5.6312835877526926,0.0,0.0,0.09999999999999998,1953,8.841388888888888,swap
standard_boosting,B12,0.8338619918772188,2.126348079286908,1.0917359903159771,1.0,14.579070660766964,5.7172826120654765,14.579070660766964,-2.766011980243067,0.2454308093994778,4.169309959386093,8.338619918772187,0.0,0.0,0.09999999999999998,767,2.55,swap
standard_boosting,B17,0.16784899939168646,2.7574326869510357,1.436556261698746,0.5539699963410172,24.361872118015356,1.4829431295523456,5.213555255619218,-0.41841884811517865,0.2748901903367496,0.3260274405757178,0.523750492055757,0.6666666666666666,0.0,0.34603000365898284,2733,16.428055555555556,swap
subspace_ridge,B02,0.8525924898291719,4.788964649121024,5.980296577479487,0.4883512544802867,25.10825523357647,4.470091431723223,10.208111940769847,-0.36851349895417135,0.4977578475336323,4.26296244914586,8.52592489829172,0.0,0.0,0.4116487455197133,1116,5.616944444444444,swap
subspace_ridge,B03,2.1806027258888565,7.012454932670914,7.16277929183879,0.048859934853420196,87.7295440988828,27.28050088589255,5.9667432801551605,-0.5143835765995411,0.49755301794453505,10.875881877793105,21.744980817673415,0.0,0.0,0.8511400651465798,614,3.2158333333333333,swap
subspace_ridge,B04,0.14362826724149266,0.8182422591266035,0.9295671798191767,1.0,6.0686119471427595,1.065239797635864,6.0686119471427595,-0.9160839420424244,0.42318059299191374,0.23841501649967697,0.3568984530724074,0.6666666666666666,0.0,0.09999999999999998,1114,5.696944444444444,swap
subspace_ridge,B08,0.2760911696273524,2.933315293307493,1.9169005600512041,1.0,15.36378511624822,1.4460789170281738,15.36378511624822,-0.6222277217993695,0.3877327491785323,0.2760911696273524,0.2760911696273524,0.0,0.0,0.09999999999999998,1827,10.624444444444444,swap
subspace_ridge,B10,0.3262350610271121,6.19710684676085,4.069318198350264,0.19323821339950373,65.51895223576318,3.4491222936133283,5.573558314174943,-0.49395641279759983,0.36084393422277383,0.3262350610271121,0.3262350610271121,0.0,0.0,0.7067617866004963,3224,18.995833333333334,swap
subspace_ridge,B11,0.9688550066249636,8.566023890518323,8.300653905214228,1.0,25.276642761974877,2.8588995552203826,25.276642761974877,-1.0828507988866265,0.48514344262295084,4.844275033124818,9.688550066249636,0.0,0.0,0.09999999999999998,1953,8.841388888888888,swap
subspace_ridge,B12,1.5796987741264503,4.028231874022448,2.6414824793460956,0.9947848761408083,13.187642867656784,5.171624653983053,13.180696432925638,-3.324785929988214,0.46736292428198434,7.898493870632252,15.796987741264504,0.0,0.0,0.09478487614080833,767,2.55,swap
subspace_ridge,B17,0.09718882491583535,1.596623415096505,1.5945687314354053,0.9890230515916575,9.3034377015761,0.5663139907284955,8.70558284309993,-0.6990792790489795,0.4886530014641288,0.2652663872287407,0.4753633401198723,0.3333333333333333,0.0,0.08902305159165746,2733,16.428055555555556,swap
tcn,B02,0.5769082496661001,3.2404615879161693,2.855422302557613,0.946236559139785,9.798951283347273,1.7445341288784029,9.581302651129032,-1.5569408484521974,0.48878923766816146,2.835728073304431,5.659252852852345,0.0,0.0,0.04623655913978497,1116,5.616944444444444,swap
tcn,B03,0.28253016518813695,0.9085699228841838,0.5321287457726942,1.0,5.479422390881596,1.703888797371836,5.479422390881596,-1.5069472429418547,0.46818923327895595,1.4113168913365515,2.8223002990220696,0.3333333333333333,0.0,0.09999999999999998,614,3.2158333333333333,swap
tcn,B04,0.10020624450891417,0.5708694079537002,0.5548789889119624,1.0,8.484435026306103,1.4892957284461443,8.484435026306103,-1.1573531537355821,0.4950584007187781,0.2111741595995873,0.3498840534629288,0.0,0.0,0.09999999999999998,1114,5.696944444444444,swap
tcn,B08,0.3289209355465847,3.4946022063293807,1.3083522921788022,1.0,14.95529948275862,1.407631200008655,14.95529948275862,-0.2286765596218925,0.5038335158817087,0.3316912097541388,0.3351540525135815,0.0,0.0,0.09999999999999998,1827,10.624444444444444,swap
tcn,B10,0.28428226451004035,5.400178516255308,2.361470907018652,0.35918114143920593,59.17770584414207,3.1152992767260574,6.447989399146201,-0.337687808222348,0.4989140552280484,0.28428521892438285,0.284288911942311,0.3333333333333333,0.0,0.540818858560794,3224,18.995833333333334,swap
tcn,B11,0.36549458041209315,3.2314797222045866,2.065684736081573,1.0,13.014373172355864,1.4719828904609353,13.014373172355864,-1.4977486433316571,0.49026639344262296,1.8272072060775622,3.6543479881593988,0.0,0.0,0.09999999999999998,1953,8.841388888888888,swap
tcn,B12,0.8628495580980138,2.200266373149935,0.7436892596327241,0.847457627118644,12.21968625711866,4.792033826321044,6.1912058984340295,-3.356291836887061,0.4908616187989556,4.3027156586499204,8.602548284339802,0.0,0.0,0.05254237288135599,767,2.55,swap
tcn,B17,0.24507887023039257,4.02616929563768,1.5418869142915248,0.30369557263080865,55.76069049067246,3.394235568665069,3.1712448901520673,-0.4044316149316437,0.4981698389458272,0.24829881815475396,0.25232375306020566,0.3333333333333333,0.0,0.5963044273691913,2733,16.428055555555556,swap
temperature_only,B02,2.099713905396435,11.793976355839254,13.31311922991836,0.08781362007168458,96.67066426805772,17.210543067356106,15.677111449324533,0.11554948677997355,0.4170403587443946,10.498569526982177,20.997139053964354,0.0,0.0,0.8121863799283154,1116,5.616944444444444,swap
temperature_only,B03,0.46313774293050813,1.4893737916406924,2.081455814457655,1.0,15.642843675006961,4.864320396477936,15.642843675006961,-0.0044020381330535,0.44861337683523655,2.048734890590512,4.030731325165517,0.0,0.0,0.09999999999999998,614,3.2158333333333333,swap
temperature_only,B04,0.28120517946521145,1.6020102849033393,2.3368032304472965,0.9892280071813285,11.689414935045967,2.0518744827229747,11.40319189828403,-0.523649477880246,0.48517520215633425,1.3994517490066547,2.7972599609334594,0.0,0.0,0.0892280071813285,1114,5.696944444444444,swap
temperature_only,B08,0.37489342867408737,3.983034405535137,2.321535256080599,1.0,15.189775568140057,1.4297006914166546,15.189775568140057,-0.3793520218513118,0.4539978094194962,0.38030052264565056,0.3870593901101045,0.0,0.0,0.09999999999999998,1827,10.624444444444444,swap
temperature_only,B10,0.38773785199284455,7.365403613480743,3.8682762241734245,0.3436724565756824,72.07400548698384,3.794200771413933,6.696265937510614,-0.23872308933889183,0.46819733167856037,0.38775119499601574,0.38776787374997973,0.0,0.0,0.5563275434243176,3224,18.995833333333334,swap
temperature_only,B11,1.1386553531358583,10.067294787489232,10.367785706107192,1.0,30.303163430036566,3.427421167744247,30.303163430036566,-0.8537305415741471,0.4298155737704918,5.6932767656792915,11.386553531358583,0.0,0.0,0.09999999999999998,1953,8.841388888888888,swap
temperature_only,B12,1.943456130640286,4.955813133132729,3.762283313216296,0.9817470664928292,15.873531912753826,6.2249144755897365,15.595863308137913,-2.5920131338924155,0.21801566579634465,9.71728065320143,19.43456130640286,0.0,0.0,0.08174706649282915,767,2.55,swap
temperature_only,B17,0.2047887197171427,3.3642804646643154,1.7508558592488135,0.9388949871935602,16.044268926961667,0.9766383412025836,15.23525485986656,-0.21857055893945823,0.13506588579795023,0.4173711405608178,0.6830991666154117,0.3333333333333333,0.0,0.038894987193560215,2733,16.428055555555556,swap
time_only,B02,0.8914989367489244,5.0075,5.007499999999999,1.0,14.326274890481882,2.550545947566133,14.326274890481882,-1.0000000000000009,0.0,4.457494683744621,8.914989367489243,0.0,0.0,0.09999999999999998,1116,5.616944444444444,swap
time_only,B03,1.749330569232098,5.625555555555555,5.625555555555556,0.0,55.91111111111111,17.38619676945668,6.288888888888889,-0.9999999999999993,0.0,8.746652846160488,17.493305692320977,0.0,0.0,0.9,614,3.2158333333333333,swap
time_only,B04,0.0139376564809792,0.07940205465788956,0.07878446877534477,1.0,7.776810293237581,1.3650844534426492,7.776810293237581,-0.9993867953261681,0.0,0.0139376564809792,0.0139376564809792,1.0,0.0,0.09999999999999998,1114,5.696944444444444,swap
time_only,B08,0.36158560208048485,3.8416461412151066,2.6693935236004394,1.0,14.877289576111416,1.4002887072265504,14.877289576111416,-0.5464774530617951,0.0,0.36158560208048485,0.36158560208048485,0.0,0.0,0.09999999999999998,1827,10.624444444444444,swap
time_only,B10,0.44637076136768344,8.47918458781362,4.744403144151347,0.17152605459057071,115.84571787979048,6.098480432364491,3.7577353873724846,-0.19932143705241911,0.0,0.44637076136768344,0.44637076136768344,0.0,0.0,0.7284739454094293,3224,18.995833333333334,swap
time_only,B11,0.29168400642984077,2.5788917335153894,2.0150738468529874,1.0,4.6111096887978595,0.5215368022769266,4.6111096887978595,-0.7093394434485643,0.0,0.29168400642984077,0.29168400642984077,0.0,0.0,0.09999999999999998,1953,8.841388888888888,swap
time_only,B12,2.467211328976035,6.291388888888889,6.291388888888888,1.0,14.844252136752141,5.821275347745938,14.844252136752141,-1.0000000000000022,0.0,12.336056644880177,24.672113289760354,0.0,0.0,0.09999999999999998,767,2.55,swap
time_only,B17,0.3554646327520828,5.839592734886369,4.091239832438588,0.19612147822905232,63.28128176200352,3.852025064561179,4.6448098345326665,-0.5580620567001022,0.0,0.3554646327520828,0.3554646327520828,0.0,0.0,0.7038785217709477,2733,16.428055555555556,swap
