scenario,model,policy,loss,too_late,unused_life_fraction
forward,always_action,control,0.8278218433510462,0.0,0.8278218433510462
forward,attention,lower_bound,0.6561447302839784,0.0,0.6561447302839784
forward,attention,point,2.6310595704740765,0.25,0.1310595704740768
forward,competing_stop,lower_bound,0.7403870244786137,0.0,0.7403870244786137
forward,competing_stop,point,3.81389654565566,0.375,0.06389654565565978
forward,competing_threshold,lower_bound,0.8259450237564588,0.0,0.8259450237564588
forward,competing_threshold,point,0.7811192053516991,0.0,0.7811192053516991
forward,context_only,lower_bound,3.0447940933154394,0.25,0.5447940933154395
forward,context_only,point,7.646306840313106,0.75,0.146306840313106
forward,custom_boosting,lower_bound,0.5462548137846639,0.0,0.5462548137846639
forward,custom_boosting,point,7.523917806839169,0.75,0.023917806839168363
forward,degradation,lower_bound,0.7814608203845691,0.0,0.7814608203845691
forward,degradation,point,4.01682877367842,0.375,0.26682877367842056
forward,elapsed_clock,lower_bound,0.8278218433510462,0.0,0.8278218433510462
forward,elapsed_clock,point,0.8278218433510462,0.0,0.8278218433510462
forward,never_action,control,10.0,1.0,0.0
forward,random_forest,lower_bound,1.8532316604142771,0.125,0.6032316604142773
forward,random_forest,point,6.307692278329787,0.625,0.057692278329787704
forward,representation,lower_bound,0.8039267777759153,0.0,0.8039267777759153
forward,representation,point,5.065489725116908,0.5,0.06548972511690833
forward,standard_boosting,lower_bound,1.7681166727096043,0.125,0.5181166727096043
forward,standard_boosting,point,7.524856625602685,0.75,0.024856625602684826
forward,subspace_ridge,lower_bound,1.8730716067991353,0.125,0.6230716067991352
forward,subspace_ridge,point,5.1504263636529535,0.5,0.15042636365295362
forward,tcn,lower_bound,0.6863236976588484,0.0,0.6863236976588484
forward,tcn,point,3.840322400260134,0.375,0.09032240026013388
forward,temperature_only,lower_bound,1.9418806687197703,0.125,0.6918806687197702
forward,temperature_only,point,7.6125656831858795,0.75,0.11256568318587976
forward,time_only,lower_bound,4.269450092087264,0.375,0.5194500920872642
forward,time_only,point,4.000138641015165,0.375,0.2501386410151649
reverse,always_action,control,0.8278218433510462,0.0,0.8278218433510462
reverse,attention,lower_bound,0.5393066802038466,0.0,0.5393066802038466
reverse,attention,point,2.6192887532928686,0.25,0.1192887532928685
reverse,competing_stop,lower_bound,0.6674280404920127,0.0,0.6674280404920127
reverse,competing_stop,point,3.7880406940865927,0.375,0.038040694086592726
reverse,competing_threshold,lower_bound,0.8211614409802594,0.0,0.8211614409802594
reverse,competing_threshold,point,0.7811192053516991,0.0,0.7811192053516991
reverse,context_only,lower_bound,0.716368470525412,0.0,0.716368470525412
reverse,context_only,point,5.286066668117014,0.5,0.2860666681170139
reverse,custom_boosting,lower_bound,0.5969632603467148,0.0,0.5969632603467148
reverse,custom_boosting,point,6.336126455871993,0.625,0.0861264558719932
reverse,degradation,lower_bound,0.8164798244998684,0.0,0.8164798244998684
reverse,degradation,point,5.34209828040853,0.5,0.3420982804085301
reverse,elapsed_clock,lower_bound,0.8278218433510462,0.0,0.8278218433510462
reverse,elapsed_clock,point,0.8278218433510462,0.0,0.8278218433510462
reverse,never_action,control,10.0,1.0,0.0
reverse,random_forest,lower_bound,0.4856448640027627,0.0,0.4856448640027627
reverse,random_forest,point,2.5803391229273718,0.25,0.08033912292737176
reverse,representation,lower_bound,0.48524653815894936,0.0,0.48524653815894936
reverse,representation,point,3.8342359355047955,0.375,0.08423593550479552
reverse,standard_boosting,lower_bound,0.6604156044258546,0.0,0.6604156044258546
reverse,standard_boosting,point,6.296721138611775,0.625,0.04672113861177487
reverse,subspace_ridge,lower_bound,0.6639941586569953,0.0,0.6639941586569953
reverse,subspace_ridge,point,4.054520952247412,0.375,0.30452095224741127
reverse,tcn,lower_bound,0.5677819720375741,0.0,0.5677819720375741
reverse,tcn,point,3.849712753783926,0.375,0.09971275378392622
reverse,temperature_only,lower_bound,1.9645871644135855,0.125,0.7145871644135854
reverse,temperature_only,point,7.595428608028793,0.75,0.09542860802879304
reverse,time_only,lower_bound,0.6140262189247978,0.0,0.6140262189247978
reverse,time_only,point,5.236137365967726,0.5,0.23613736596772583
swap,always_action,control,0.8278218433510462,0.0,0.8278218433510462
swap,attention,lower_bound,0.5697038444484387,0.0,0.5697038444484387
swap,attention,point,5.065211630603429,0.5,0.06521163060342908
swap,competing_stop,lower_bound,0.6704593627621352,0.0,0.6704593627621352
swap,competing_stop,point,3.81389654565566,0.375,0.0638965456556598
swap,competing_threshold,lower_bound,0.8223995378360354,0.0,0.8223995378360354
swap,competing_threshold,point,0.7811192053516991,0.0,0.7811192053516991
swap,context_only,lower_bound,1.883991602402184,0.125,0.633991602402184
swap,context_only,point,7.646306840313106,0.75,0.146306840313106
swap,custom_boosting,lower_bound,0.5601500442575323,0.0,0.5601500442575323
swap,custom_boosting,point,7.523917806839169,0.75,0.023917806839168367
swap,degradation,lower_bound,0.7683311911523018,0.0,0.7683311911523018
swap,degradation,point,4.01682877367842,0.375,0.2668287736784206
swap,elapsed_clock,lower_bound,0.8278218433510462,0.0,0.8278218433510462
swap,elapsed_clock,point,0.8278218433510462,0.0,0.8278218433510462
swap,never_action,control,10.0,1.0,0.0
swap,random_forest,lower_bound,0.6022289164859018,0.0,0.6022289164859018
swap,random_forest,point,6.307692278329787,0.625,0.05769227832978772
swap,representation,lower_bound,0.6528026189187238,0.0,0.6528026189187238
swap,representation,point,3.825763991852012,0.375,0.07576399185201198
swap,standard_boosting,lower_bound,0.5889644331653081,0.0,0.5889644331653081
swap,standard_boosting,point,7.524856625602685,0.75,0.024856625602684833
swap,subspace_ridge,lower_bound,0.6855023165487729,0.0,0.6855023165487729
swap,subspace_ridge,point,5.1504263636529535,0.5,0.15042636365295364
swap,tcn,lower_bound,0.5838506104410395,0.0,0.5838506104410395
swap,tcn,point,3.861167206209599,0.375,0.1111672062095993
swap,temperature_only,lower_bound,0.8113338529887949,0.0,0.8113338529887949
swap,temperature_only,point,7.6125656831858795,0.75,0.11256568318587976
swap,time_only,lower_bound,1.8624822283079605,0.125,0.6124822283079606
swap,time_only,point,4.000138641015165,0.375,0.2501386410151649
