scenario,model,nMAE,late_MAE_hours,median_slope,bearings_nMAE_le_0.20,coverage,worst_coverage
swap,attention,0.37238514109790255,1.2732371297964458,-1.0328056784670219,2,0.7809543534418986,0.391439205955335
swap,competing_stop,0.40954839987170627,1.540296558495329,-0.6712659813151968,3,0.8315155358745714,0.4317617866004963
swap,competing_threshold,1.1801688893799889,12.245547015269885,0.5066068012087581,0,0.7610370038509974,0.2345110087045571
swap,context_only,0.6951368128603175,3.8609663723338503,-0.6947643885909671,1,0.7803654397995294,0.0
swap,custom_boosting,0.5691759646898142,2.7826820192322073,-0.7131710603137785,1,0.8220167561970605,0.40198511166253104
swap,degradation,2.410562648418937,13.694436147859196,-0.5904037071899906,0,0.8939793520179264,0.5945241199478487
swap,elapsed_clock,0.5006064981484508,4.494591539866927,1.0000000000000004,0,0.6893061525776374,0.2560163850486431
swap,random_forest,0.45682494517257666,2.2480377170714565,-0.7996309343992717,1,0.8698709881326689,0.5067691181851446
swap,representation,0.36953253030095473,1.2210357598740083,-1.2222671229255568,2,0.8327066359158686,0.35266749379652607
swap,standard_boosting,0.5557184188923147,2.610629154923107,-0.7622394615210548,2,0.791174224920022,0.4798387096774194
swap,subspace_ridge,0.8031115399101543,4.074445865441831,-0.6606535004241745,2,0.7142821663082095,0.048859934853420196
swap,tcn,0.3807838585200345,1.4954392683056932,-1.3275508985336195,1,0.8070713625410555,0.30369557263080865
swap,temperature_only,0.8616985389940467,4.975264329206205,-0.3090375555951018,0,0.7926695171893856,0.08781362007168458
swap,time_only,0.8221354367585161,3.8154174075328937,-0.8543631193873662,1,0.6709559416024529,0.0
reverse,attention,0.4287489760170582,1.892126406208019,-1.003663751110515,2,0.7561198235415737,0.11073200992555832
reverse,competing_stop,0.5246468709612953,1.7913484771206623,-0.6018275352459543,0,0.726942881296162,0.36600496277915634
reverse,competing_threshold,1.1944861103258553,12.38665517543182,0.3595124204685781,0,0.7364687685244178,0.17293906810035842
reverse,context_only,0.6852002565400858,3.510837607720319,-0.6434228758312152,1,0.6606332814125602,0.28664495114006516
reverse,custom_boosting,0.530578078960285,2.526923574784621,-0.8351304723771693,2,0.8761808069416148,0.14050868486352358
reverse,degradation,2.435414200402615,12.74549742135332,-0.8253641648058521,0,0.7801560964651104,0.2687465790914067
reverse,elapsed_clock,0.5006064981484508,4.494591539866927,1.0000000000000004,0,0.666978361136227,0.27148330596606457
reverse,random_forest,0.5386475483836808,1.9530688863776167,-0.8134624697448962,2,0.8290784266990342,0.29497518610421836
reverse,representation,0.47260222457467527,2.165608716962653,-0.8162318258475751,2,0.699509078124829,0.1291620929381632
reverse,standard_boosting,0.5433075808866946,2.2581082429439787,-0.9551515558820912,2,0.8861211368615055,0.28287841191067
reverse,subspace_ridge,0.6249998250753204,4.186696407955566,-0.8048150619532294,1,0.6183968171680128,0.008684863523573201
reverse,tcn,0.5753023727371906,2.244264424743749,-0.8612987629661146,2,0.7844123820933101,0.15074441687344914
reverse,temperature_only,0.7752273726426324,3.9882861022342198,-0.24205506867466225,0,0.7880872410029165,0.3238213399503722
reverse,time_only,0.7202113654578921,3.6638076201857803,-0.9630106031618946,1,0.7744176667583682,0.004342431761786601
forward,attention,0.3416353447236865,1.3528435920424893,-1.1101954177087128,2,0.7841370113024895,0.5023783388218075
forward,competing_stop,0.4095483998717062,1.540296558495329,-0.6712659813151969,3,0.8346871914133849,0.5314723590585659
forward,competing_threshold,1.1801688893799889,12.245547015269885,0.5066068012087581,0,0.732837360558434,0.1035980148883374
forward,context_only,0.6951368128603175,3.8609663723338503,-0.6947643885909671,1,0.7127269726164331,0.0
forward,custom_boosting,0.5691759646898141,2.7826820192322073,-0.7131710603137785,1,0.6465983284963712,0.3143322475570032
forward,degradation,2.410562648418937,13.694436147859196,-0.5904037071899906,0,0.8848766351178804,0.5779967159277504
forward,elapsed_clock,0.5006064981484507,4.494591539866927,1.0000000000000004,0,0.7453054433050501,0.1253101736972704
forward,random_forest,0.4568249451725767,2.2480377170714565,-0.7996309343992712,1,0.7348412774107054,0.4423963133640553
forward,representation,0.31231806497330294,1.1915361226727783,-1.1590857770487468,2,0.8070060968244234,0.2819478908188585
forward,standard_boosting,0.5557184188923147,2.610629154923107,-0.7622394615210548,2,0.6947734276133771,0.3763440860215054
forward,subspace_ridge,0.8031115399101543,4.074445865441831,-0.6606535004241745,2,0.6639670721500418,0.0821382007822685
forward,tcn,0.38421140980931,1.7631236595088258,-1.239458892988257,1,0.7716409542636088,0.5228161668839635
forward,temperature_only,0.8616985389940466,4.975264329206205,-0.3090375555951018,0,0.7279690231874717,0.0
forward,time_only,0.8221354367585161,3.8154174075328937,-0.8543631193873662,1,0.3515610646590313,0.0
