seed,primary,model,nMAE,late_MAE_hours,bearings_nMAE_le_0.20,coverage
20260929,True,attention,0.3416353447236865,1.3528435920424893,2,0.7841370113024895
20260929,True,competing_stop,0.4095483998717062,1.540296558495329,3,0.8346871914133849
20260929,True,custom_boosting,0.5691759646898141,2.7826820192322073,1,0.6465983284963712
20260929,True,random_forest,0.4568249451725767,2.2480377170714565,1,0.7348412774107054
20260929,True,representation,0.31231806497330294,1.1915361226727783,2,0.8070060968244234
20260929,True,standard_boosting,0.5557184188923147,2.610629154923107,2,0.6947734276133771
20260929,True,subspace_ridge,0.8031115399101543,4.074445865441831,2,0.6639670721500418
20260929,True,tcn,0.38421140980931,1.7631236595088258,1,0.7716409542636088
20260930,False,attention,0.44338135854408284,1.5811696733734966,2,0.8238280919917241
20260930,False,competing_stop,0.40954839987170627,1.540296558495329,3,0.8346871914133849
20260930,False,custom_boosting,0.5696814443072288,2.783615152211355,1,0.647251842591701
20260930,False,random_forest,0.463373647885685,2.2805253477779655,1,0.732564047537923
20260930,False,representation,0.3251641953230064,1.013918808267652,4,0.7849800792920443
20260930,False,standard_boosting,0.5559235330963957,2.601522106028443,2,0.6927226610063042
20260930,False,subspace_ridge,0.657832462992018,2.979448080589515,2,0.7369133617072849
20260930,False,tcn,0.32941243604855097,1.3583431904836223,1,0.8056293321323174
20260931,False,attention,0.3987003638414538,1.6399495763668255,2,0.7526912536608843
20260931,False,competing_stop,0.40954839987170627,1.540296558495329,3,0.8346871914133849
20260931,False,custom_boosting,0.5668612409115903,2.7762665967050424,1,0.652013388503782
20260931,False,random_forest,0.4587800830024451,2.2726264461140318,1,0.7367046902643256
20260931,False,representation,0.31862355718392527,1.2724033283157767,1,0.7801915899018237
20260931,False,standard_boosting,0.5553684815352968,2.589689745725331,2,0.6920741742426313
20260931,False,subspace_ridge,0.7635190733025358,3.4462742849862624,2,0.7167089367176889
20260931,False,tcn,0.4039460720762842,1.3442634772722772,1,0.7314244785919655
