model,bearing_id,physical_regime,records,nMAE,coverage
attention,B02,0,51,0.9708501022524633,0.0196078431372549
attention,B02,4,9,0.5121561147761678,1.0
attention,B02,5,93,0.49031169407934805,1.0
attention,B02,7,147,0.4794512542756286,0.9931972789115646
attention,B02,8,816,0.48078919392429353,0.9975490196078431
attention,B03,4,11,0.5022902663745514,1.0
attention,B03,5,49,0.5092873440477512,1.0
attention,B03,7,86,0.5741849832526802,1.0
attention,B03,8,468,0.5066283903857413,1.0
attention,B04,0,325,0.11514528143426712,1.0
attention,B04,3,737,0.12306486977944549,1.0
attention,B04,6,52,0.14838572682162046,1.0
attention,B08,0,50,0.6307896747124032,0.0
attention,B08,3,166,0.32791440314321496,0.6506024096385542
attention,B08,4,410,0.32481263309852004,0.6439024390243903
attention,B08,5,286,0.31119106543485797,0.6433566433566433
attention,B08,6,186,0.2993561245211219,0.6451612903225806
attention,B08,7,420,0.2956636543136274,0.6738095238095239
attention,B08,8,309,0.26893683396944756,0.7055016181229773
attention,B10,0,165,0.4718757252223929,0.08484848484848485
attention,B10,1,255,0.42553827200839534,0.0196078431372549
attention,B10,2,85,0.44243657714411055,0.0
attention,B10,3,100,0.42307165311691153,0.03
attention,B10,4,249,0.43377626795138435,0.004016064257028112
attention,B10,5,83,0.4415484029665493,0.0
attention,B10,6,595,0.24496791922382116,0.7260504201680672
attention,B10,7,1338,0.24642689611962873,0.7301943198804185
attention,B10,8,354,0.24229205872428003,0.7401129943502824
attention,B11,1,5,0.16482283351660434,1.0
attention,B11,2,1,1.1384082943227876,0.0
attention,B11,3,499,0.47659011091547526,0.6653306613226453
attention,B11,4,1123,0.5169148677648455,0.622439893143366
attention,B11,5,325,0.5253250771614664,0.6246153846153846
attention,B12,3,185,0.471783891884826,0.9081081081081082
attention,B12,4,441,0.4162222534653367,0.9138321995464853
attention,B12,5,141,0.3732013268190177,0.9361702127659575
attention,B17,2,1752,0.22272950484829265,0.4674657534246575
attention,B17,5,370,0.28616718905300526,0.3081081081081081
attention,B17,8,611,0.03001178917669391,0.9967266775777414
competing_stop,B02,0,51,2.206777418475685,0.0
competing_stop,B02,4,9,0.8108295670849525,0.8888888888888888
competing_stop,B02,5,93,0.7565410328704861,0.7741935483870968
competing_stop,B02,7,147,0.6568895436272314,0.9319727891156463
competing_stop,B02,8,816,0.706473289394661,0.8149509803921569
competing_stop,B03,4,11,0.5660535837870984,1.0
competing_stop,B03,5,49,0.6425626245451329,1.0
competing_stop,B03,7,86,0.6565492141985462,1.0
competing_stop,B03,8,468,0.6235635432315147,0.9893162393162394
competing_stop,B04,0,325,0.1077669768390421,1.0
competing_stop,B04,3,737,0.159879565173471,1.0
competing_stop,B04,6,52,0.19148560704622,1.0
competing_stop,B08,0,50,0.2692588878905191,1.0
competing_stop,B08,3,166,0.31342497612922926,0.536144578313253
competing_stop,B08,4,410,0.3196544970682482,0.5439024390243903
competing_stop,B08,5,286,0.3297237258701131,0.513986013986014
competing_stop,B08,6,186,0.3038349911131584,0.5483870967741935
competing_stop,B08,7,420,0.29819177214784565,0.5714285714285714
competing_stop,B08,8,309,0.2930942744355434,0.5857605177993528
competing_stop,B10,0,165,0.46883759408859965,0.0
competing_stop,B10,1,255,0.3535719054826358,0.0
competing_stop,B10,2,85,0.3598423486631454,0.0
competing_stop,B10,3,100,0.4535998608599063,0.0
competing_stop,B10,4,249,0.45626006290403304,0.0
competing_stop,B10,5,83,0.4439606795721199,0.0
competing_stop,B10,6,595,0.23112931567732325,0.42016806722689076
competing_stop,B10,7,1338,0.2179649347147171,0.45067264573991034
competing_stop,B10,8,354,0.206334294240186,0.4689265536723164
competing_stop,B11,1,5,0.17394580254264858,1.0
competing_stop,B11,2,1,0.3188421104946651,1.0
competing_stop,B11,3,499,0.18677108185261135,1.0
competing_stop,B11,4,1123,0.16485404442581708,1.0
competing_stop,B11,5,325,0.13882299506208381,1.0
competing_stop,B12,3,185,0.7315952900862136,1.0
competing_stop,B12,4,441,0.8233759024403152,0.9886621315192744
competing_stop,B12,5,141,0.8500305247934337,0.9645390070921985
competing_stop,B17,2,1752,0.21937168060274917,0.680365296803653
competing_stop,B17,5,370,0.27265019556081804,0.518918918918919
competing_stop,B17,8,611,0.06684712865663296,0.9967266775777414
competing_threshold,B02,0,51,0.5652690191732108,1.0
competing_threshold,B02,4,9,2.784836660893284,0.7777777777777778
competing_threshold,B02,5,93,2.5673604742818092,0.8387096774193549
competing_threshold,B02,7,147,2.2147035484308226,0.9047619047619048
competing_threshold,B02,8,816,2.1581594853985115,0.8860294117647058
competing_threshold,B03,4,11,0.5904603376687223,1.0
competing_threshold,B03,5,49,0.6062621941484245,1.0
competing_threshold,B03,7,86,0.6812470796656528,1.0
competing_threshold,B03,8,468,0.6588766379879841,1.0
competing_threshold,B04,0,325,1.7090498670752423,0.8430769230769231
competing_threshold,B04,3,737,1.8185822745338667,0.830393487109905
competing_threshold,B04,6,52,2.0188340713175896,0.8653846153846154
competing_threshold,B08,0,50,0.5737652015067537,1.0
competing_threshold,B08,3,166,1.1216052419530393,0.9698795180722891
competing_threshold,B08,4,410,1.061882161548854,0.9707317073170731
competing_threshold,B08,5,286,0.9796616652869682,0.9685314685314685
competing_threshold,B08,6,186,1.1832896845519174,0.9301075268817204
competing_threshold,B08,7,420,1.1862334322152113,0.9476190476190476
competing_threshold,B08,8,309,1.103088343509693,0.9741100323624595
competing_threshold,B10,0,165,0.7227366247340059,0.05454545454545454
competing_threshold,B10,1,255,0.7196253761051645,0.058823529411764705
competing_threshold,B10,2,85,0.7139948390189322,0.07058823529411765
competing_threshold,B10,3,100,0.689585578914181,0.08
competing_threshold,B10,4,249,0.7211767683940464,0.0642570281124498
competing_threshold,B10,5,83,0.6639970539934656,0.07228915662650602
competing_threshold,B10,6,595,0.8214223610515411,0.0957983193277311
competing_threshold,B10,7,1338,0.81154055583457,0.12556053811659193
competing_threshold,B10,8,354,0.8102390337642975,0.1384180790960452
competing_threshold,B11,1,5,2.2737792377919654,0.8
competing_threshold,B11,2,1,0.7066430056392302,1.0
competing_threshold,B11,3,499,1.4020008788415856,0.9378757515030061
competing_threshold,B11,4,1123,1.3054603859634515,0.95013357079252
competing_threshold,B11,5,325,1.208655749258858,0.9507692307692308
competing_threshold,B12,3,185,0.5360661059171107,1.0
competing_threshold,B12,4,441,0.47172810327989634,1.0
competing_threshold,B12,5,141,0.314230192651369,1.0
competing_threshold,B17,2,1752,1.4210500054491129,0.007990867579908675
competing_threshold,B17,5,370,1.3321610914657513,0.013513513513513514
competing_threshold,B17,8,611,0.5266945067345868,0.530278232405892
context_only,B02,0,51,1.6717507514060945,1.0
context_only,B02,4,9,0.9243625055937252,1.0
context_only,B02,5,93,0.9455648664045562,0.989247311827957
context_only,B02,7,147,0.8948102148450251,1.0
context_only,B02,8,816,0.8948145001068543,1.0
context_only,B03,4,11,1.0521426276570953,0.9090909090909091
context_only,B03,5,49,0.7625417042628608,1.0
context_only,B03,7,86,0.8331790789866432,0.9767441860465116
context_only,B03,8,468,0.7235997379407154,1.0
context_only,B04,0,325,0.6537151865422312,1.0
context_only,B04,3,737,0.28267931484294756,1.0
context_only,B04,6,52,0.17441465661068392,1.0
context_only,B08,0,50,0.466432827034465,1.0
context_only,B08,3,166,0.3698090291391763,0.6987951807228916
context_only,B08,4,410,0.35747621507165245,0.7073170731707317
context_only,B08,5,286,0.3667998944709949,0.6783216783216783
context_only,B08,6,186,0.34725043022744956,0.6935483870967742
context_only,B08,7,420,0.32634798062168724,0.7547619047619047
context_only,B08,8,309,0.3192718776159392,0.7313915857605178
context_only,B10,0,165,0.38691896982052304,0.4909090909090909
context_only,B10,1,255,0.26821722677100635,0.7529411764705882
context_only,B10,2,85,0.29952303017886145,0.6941176470588235
context_only,B10,3,100,0.3377918390612504,0.84
context_only,B10,4,249,0.3693918007492774,0.7630522088353414
context_only,B10,5,83,0.38938547353028063,0.6506024096385542
context_only,B10,6,595,0.24105347319423917,1.0
context_only,B10,7,1338,0.23696118727921933,0.9835575485799701
context_only,B10,8,354,0.22756783692338692,0.96045197740113
context_only,B11,1,5,0.9618643207945702,0.2
context_only,B11,2,1,1.2502727847281874,0.0
context_only,B11,3,499,0.9562476178503523,0.2685370741482966
context_only,B11,4,1123,0.9842216336578269,0.18788958147818344
context_only,B11,5,325,1.0569445639242736,0.033846153846153845
context_only,B12,3,185,3.114120548930634,0.0
context_only,B12,4,441,3.030676680971484,0.006802721088435374
context_only,B12,5,141,2.427137527120356,0.028368794326241134
context_only,B17,2,1752,0.2777871033224866,0.9029680365296804
context_only,B17,5,370,0.22444297516759937,0.9378378378378378
context_only,B17,8,611,0.10559426236829143,1.0
custom_boosting,B02,0,51,1.839072927204101,0.0
custom_boosting,B02,4,9,0.9916203124975435,0.6666666666666666
custom_boosting,B02,5,93,1.0046053032512576,0.6451612903225806
custom_boosting,B02,7,147,0.9758773264284798,0.6870748299319728
custom_boosting,B02,8,816,0.9569364146394271,0.7230392156862745
custom_boosting,B03,4,11,0.9474082531438388,0.45454545454545453
custom_boosting,B03,5,49,0.949774224857154,0.5510204081632653
custom_boosting,B03,7,86,0.9925996248015941,0.4883720930232558
custom_boosting,B03,8,468,0.9704698027002684,0.49145299145299143
custom_boosting,B04,0,325,0.16843713576285396,1.0
custom_boosting,B04,3,737,0.1544988989090584,1.0
custom_boosting,B04,6,52,0.1566504650552717,1.0
custom_boosting,B08,0,50,0.4367660509147448,1.0
custom_boosting,B08,3,166,0.308139338918495,0.8614457831325302
custom_boosting,B08,4,410,0.307477083097269,0.8731707317073171
custom_boosting,B08,5,286,0.3190064529233164,0.8776223776223776
custom_boosting,B08,6,186,0.288741736707498,0.8817204301075269
custom_boosting,B08,7,420,0.2792003011658206,0.8761904761904762
custom_boosting,B08,8,309,0.27494620543393816,0.8996763754045307
custom_boosting,B10,0,165,0.5279482839717315,0.0
custom_boosting,B10,1,255,0.5026225496227593,0.0
custom_boosting,B10,2,85,0.5021443087765446,0.0
custom_boosting,B10,3,100,0.49057721873015614,0.0
custom_boosting,B10,4,249,0.4983183301570976,0.0
custom_boosting,B10,5,83,0.5032441816498919,0.0
custom_boosting,B10,6,595,0.15063149521808186,0.653781512605042
custom_boosting,B10,7,1338,0.14084060638745707,0.6890881913303438
custom_boosting,B10,8,354,0.13632389243132226,0.711864406779661
custom_boosting,B11,1,5,0.5456420893475471,0.4
custom_boosting,B11,2,1,0.43267112745280945,1.0
custom_boosting,B11,3,499,0.49423935098316696,0.5531062124248497
custom_boosting,B11,4,1123,0.4809777810704316,0.5921638468388246
custom_boosting,B11,5,325,0.4772232621818024,0.6184615384615385
custom_boosting,B12,3,185,1.0380193579784274,0.9135135135135135
custom_boosting,B12,4,441,1.038040789053175,0.9206349206349206
custom_boosting,B12,5,141,1.0319138354885347,0.9290780141843972
custom_boosting,B17,2,1752,0.21503757387626435,0.7648401826484018
custom_boosting,B17,5,370,0.279189777992653,0.6567567567567567
custom_boosting,B17,8,611,0.048849510150173,0.9967266775777414
degradation,B02,0,51,4.43703144829624,1.0
degradation,B02,4,9,5.776772115809093,0.8888888888888888
degradation,B02,5,93,5.760295940497979,0.9139784946236559
degradation,B02,7,147,5.905546725512736,0.8775510204081632
degradation,B02,8,816,5.608774236772191,0.9056372549019608
degradation,B03,4,11,8.28059595080852,0.45454545454545453
degradation,B03,5,49,10.560263931861314,0.24489795918367346
degradation,B03,7,86,9.83156682991835,0.4069767441860465
degradation,B03,8,468,10.03519008902248,0.41452991452991456
degradation,B04,0,325,1.570169930546211,0.8523076923076923
degradation,B04,3,737,1.362105957806712,0.8751696065128901
degradation,B04,6,52,1.4906267615816498,0.8846153846153846
degradation,B08,0,50,0.7054291527370979,1.0
degradation,B08,3,166,1.743494066098778,0.9036144578313253
degradation,B08,4,410,1.7517464428790221,0.8317073170731707
degradation,B08,5,286,1.7948861498768993,0.7937062937062938
degradation,B08,6,186,1.6980468352539018,0.9354838709677419
degradation,B08,7,420,1.8071476278133094,0.8523809523809524
degradation,B08,8,309,1.8613205135292297,0.8025889967637541
degradation,B10,0,165,0.7834753245027076,1.0
degradation,B10,1,255,0.8765382516389488,1.0
degradation,B10,2,85,0.8780312058641115,1.0
degradation,B10,3,100,0.8444243402338324,1.0
degradation,B10,4,249,0.8602760599219442,1.0
degradation,B10,5,83,0.8811141300712191,1.0
degradation,B10,6,595,1.167341787243968,0.9899159663865547
degradation,B10,7,1338,1.1979353481601358,0.9955156950672646
degradation,B10,8,354,1.2055249500221732,0.9887005649717514
degradation,B11,1,5,3.553903244297095,0.8
degradation,B11,2,1,3.577052373621541,1.0
degradation,B11,3,499,3.700063348741648,0.779559118236473
degradation,B11,4,1123,3.6537165037387935,0.8165627782724845
degradation,B11,5,325,3.573669844053253,0.8153846153846154
degradation,B12,3,185,12.178918265675959,0.8162162162162162
degradation,B12,4,441,12.576175932790983,0.7664399092970522
degradation,B12,5,141,12.949504347398527,0.75177304964539
degradation,B17,2,1752,1.6930625954333411,1.0
degradation,B17,5,370,1.64311049666501,1.0
degradation,B17,8,611,2.059781809405566,0.8870703764320785
elapsed_clock,B02,0,51,0.9706827788234134,0.0
elapsed_clock,B02,4,9,0.39802955123661315,0.8888888888888888
elapsed_clock,B02,5,93,0.459109102482089,0.9247311827956989
elapsed_clock,B02,7,147,0.4733474023603805,0.9591836734693877
elapsed_clock,B02,8,816,0.48868798792945795,0.9595588235294118
elapsed_clock,B03,4,11,0.5553566240272639,1.0
elapsed_clock,B03,5,49,0.4516150072363748,1.0
elapsed_clock,B03,7,86,0.4993642165400122,1.0
elapsed_clock,B03,8,468,0.5035592233052715,1.0
elapsed_clock,B04,0,325,0.5563343672759052,1.0
elapsed_clock,B04,3,737,0.4932944354508823,1.0
elapsed_clock,B04,6,52,0.42793032702340816,1.0
elapsed_clock,B08,0,50,0.9844729136163984,0.0
elapsed_clock,B08,3,166,0.4658827739319545,0.7831325301204819
elapsed_clock,B08,4,410,0.47189216971651,0.7780487804878049
elapsed_clock,B08,5,286,0.4890067838457297,0.7762237762237763
elapsed_clock,B08,6,186,0.5351140716051216,0.6935483870967742
elapsed_clock,B08,7,420,0.4835137349229589,0.7785714285714286
elapsed_clock,B08,8,309,0.486520774993248,0.7831715210355987
elapsed_clock,B10,0,165,0.7608828801283286,0.0
elapsed_clock,B10,1,255,0.6549601090710467,0.0
elapsed_clock,B10,2,85,0.6535514754267576,0.0
elapsed_clock,B10,3,100,0.6374976968633472,0.0
elapsed_clock,B10,4,249,0.6504782014656565,0.0
elapsed_clock,B10,5,83,0.6489915793906047,0.0
elapsed_clock,B10,6,595,0.41152813132271987,0.18487394957983194
elapsed_clock,B10,7,1338,0.41450348216425664,0.1756352765321375
elapsed_clock,B10,8,354,0.4235696945137389,0.16666666666666666
elapsed_clock,B11,1,5,0.39313204938892216,1.0
elapsed_clock,B11,2,1,0.43994470451475054,1.0
elapsed_clock,B11,3,499,0.48659756284065836,1.0
elapsed_clock,B11,4,1123,0.5070318300148386,1.0
elapsed_clock,B11,5,325,0.5071650671738643,1.0
elapsed_clock,B12,3,185,0.48784313725490197,1.0
elapsed_clock,B12,4,441,0.5098162721878875,1.0
elapsed_clock,B12,5,141,0.48724485854231375,1.0
elapsed_clock,B17,2,1752,0.4110620937703325,0.2374429223744292
elapsed_clock,B17,5,370,0.46522707757046033,0.17297297297297298
elapsed_clock,B17,8,611,0.7773281755485123,0.0
random_forest,B02,0,51,1.563209458529177,0.0
random_forest,B02,4,9,0.8490343801663288,0.4444444444444444
random_forest,B02,5,93,0.8392729593856918,0.5161290322580645
random_forest,B02,7,147,0.838188308694474,0.54421768707483
random_forest,B02,8,816,0.822669785312776,0.5894607843137255
random_forest,B03,4,11,1.0043068017725405,1.0
random_forest,B03,5,49,0.9634951283661485,1.0
random_forest,B03,7,86,1.0585187248808845,1.0
random_forest,B03,8,468,0.9751484138924766,1.0
random_forest,B04,0,325,0.15819397872562593,1.0
random_forest,B04,3,737,0.08901941189154654,1.0
random_forest,B04,6,52,0.10345550076017472,1.0
random_forest,B08,0,50,0.469339144847126,0.0
random_forest,B08,3,166,0.29111047118120226,0.6686746987951807
random_forest,B08,4,410,0.28897101680417564,0.6585365853658537
random_forest,B08,5,286,0.29928677878259846,0.6188811188811189
random_forest,B08,6,186,0.26910282023308796,0.6451612903225806
random_forest,B08,7,420,0.259387589063822,0.7023809523809523
random_forest,B08,8,309,0.25336031518568,0.7055016181229773
random_forest,B10,0,165,0.47380089579246626,0.12727272727272726
random_forest,B10,1,255,0.4439529216369941,0.12549019607843137
random_forest,B10,2,85,0.4449625493397153,0.11764705882352941
random_forest,B10,3,100,0.4323226462244542,0.21
random_forest,B10,4,249,0.44226834895532463,0.14859437751004015
random_forest,B10,5,83,0.44623572971774395,0.12048192771084337
random_forest,B10,6,595,0.1254820123716998,0.9966386554621849
random_forest,B10,7,1338,0.11815749567894791,0.9992526158445441
random_forest,B10,8,354,0.11230556729795414,1.0
random_forest,B11,1,5,0.8203469390553786,0.0
random_forest,B11,2,1,0.45286235841615324,0.0
random_forest,B11,3,499,0.6398740598137355,0.2785571142284569
random_forest,B11,4,1123,0.604616887287835,0.3446126447016919
random_forest,B11,5,325,0.5965005320143366,0.36
random_forest,B12,3,185,0.361185890145368,0.9135135135135135
random_forest,B12,4,441,0.3440953705366947,0.9183673469387755
random_forest,B12,5,141,0.3272001700233043,0.9290780141843972
random_forest,B17,2,1752,0.20416974073739086,0.8207762557077626
random_forest,B17,5,370,0.23604693051788206,0.7567567567567568
random_forest,B17,8,611,0.053988063024598215,0.9983633387888707
representation,B02,0,51,1.3536046375782893,0.0
representation,B02,4,9,0.28103339654594517,0.8888888888888888
representation,B02,5,93,0.2675785971977392,0.9354838709677419
representation,B02,7,147,0.22374699227145486,1.0
representation,B02,8,816,0.2544969655769435,0.9203431372549019
representation,B03,4,11,0.6857145647090233,1.0
representation,B03,5,49,0.706376827523961,1.0
representation,B03,7,86,0.7669777789884115,1.0
representation,B03,8,468,0.6393797597498427,1.0
representation,B04,0,325,0.23265752158519523,1.0
representation,B04,3,737,0.1590580784788331,1.0
representation,B04,6,52,0.1325978642997258,1.0
representation,B08,0,50,0.5232789002928258,0.02
representation,B08,3,166,0.3222851710958034,0.6746987951807228
representation,B08,4,410,0.3116966336110162,0.7195121951219512
representation,B08,5,286,0.3044273344177784,0.7482517482517482
representation,B08,6,186,0.30247755315732294,0.6935483870967742
representation,B08,7,420,0.2902219965874344,0.7547619047619047
representation,B08,8,309,0.2777177726806283,0.7766990291262136
representation,B10,0,165,0.5782934073456655,0.0
representation,B10,1,255,0.4790975360988176,0.0
representation,B10,2,85,0.4585152234107066,0.0
representation,B10,3,100,0.49118654438254,0.0
representation,B10,4,249,0.4707813424736454,0.012048192771084338
representation,B10,5,83,0.47726984238599496,0.0
representation,B10,6,595,0.19132264272221478,0.3495798319327731
representation,B10,7,1338,0.1819516748624692,0.36472346786248133
representation,B10,8,354,0.1762553706537058,0.3672316384180791
representation,B11,1,5,0.05714821954821077,1.0
representation,B11,2,1,0.18734934807879622,1.0
representation,B11,3,499,0.10727000245991378,1.0
representation,B11,4,1123,0.1420584864499232,1.0
representation,B11,5,325,0.15706689396037005,1.0
representation,B12,3,185,0.538702334097627,0.7837837837837838
representation,B12,4,441,0.4751401628889581,0.8458049886621315
representation,B12,5,141,0.3870707920907307,0.9290780141843972
representation,B17,2,1752,0.22208283546966429,0.6598173515981736
representation,B17,5,370,0.2842120351957781,0.4189189189189189
representation,B17,8,611,0.043293694142194125,0.9967266775777414
standard_boosting,B02,0,51,1.5358073087089428,0.0
standard_boosting,B02,4,9,1.0377064867695056,0.3333333333333333
standard_boosting,B02,5,93,0.9712114019329322,0.5053763440860215
standard_boosting,B02,7,147,0.9972790613278744,0.4421768707482993
standard_boosting,B02,8,816,0.9553875714480755,0.5318627450980392
standard_boosting,B03,4,11,1.3537312104019594,0.6363636363636364
standard_boosting,B03,5,49,0.9928990045556455,0.9591836734693877
standard_boosting,B03,7,86,1.255071868818705,0.8837209302325582
standard_boosting,B03,8,468,1.0869537861561664,0.9358974358974359
standard_boosting,B04,0,325,0.11986625498132061,1.0
standard_boosting,B04,3,737,0.06481607364170998,1.0
standard_boosting,B04,6,52,0.06721528360539739,1.0
standard_boosting,B08,0,50,0.4763470834193877,1.0
standard_boosting,B08,3,166,0.33914338389594,0.6807228915662651
standard_boosting,B08,4,410,0.34067733189182314,0.6804878048780488
standard_boosting,B08,5,286,0.35160554054094095,0.6363636363636364
standard_boosting,B08,6,186,0.3140038143664691,0.6720430107526881
standard_boosting,B08,7,420,0.3065592048659576,0.7309523809523809
standard_boosting,B08,8,309,0.303793836090703,0.7119741100323624
standard_boosting,B10,0,165,0.520910870275808,0.0
standard_boosting,B10,1,255,0.5205925262151042,0.0
standard_boosting,B10,2,85,0.5204107766184328,0.0
standard_boosting,B10,3,100,0.5055546930082425,0.0
standard_boosting,B10,4,249,0.5168065287081318,0.0
standard_boosting,B10,5,83,0.515344414252964,0.0
standard_boosting,B10,6,595,0.13197043108260018,0.8184873949579832
standard_boosting,B10,7,1338,0.12584453092491446,0.8415545590433483
standard_boosting,B10,8,354,0.1190236441451618,0.8615819209039548
standard_boosting,B11,1,5,1.0061262337718968,0.0
standard_boosting,B11,2,1,0.27225849618326314,1.0
standard_boosting,B11,3,499,0.7201235239177715,0.3927855711422846
standard_boosting,B11,4,1123,0.6631593848945482,0.45859305431878894
standard_boosting,B11,5,325,0.6530297659632887,0.4707692307692308
standard_boosting,B12,3,185,0.8043948105966697,0.8486486486486486
standard_boosting,B12,4,441,0.7856192232033917,0.854875283446712
standard_boosting,B12,5,141,0.7500120516080863,0.8794326241134752
standard_boosting,B17,2,1752,0.1833526034827786,0.9075342465753424
standard_boosting,B17,5,370,0.19655580373746104,0.8783783783783784
standard_boosting,B17,8,611,0.05402087409323846,0.9983633387888707
subspace_ridge,B02,0,51,1.5413242747653684,0.0
subspace_ridge,B02,4,9,0.9492316928354521,0.3333333333333333
subspace_ridge,B02,5,93,0.9056067265881974,0.3870967741935484
subspace_ridge,B02,7,147,0.8876926934468076,0.47619047619047616
subspace_ridge,B02,8,816,0.8273608733587734,0.5330882352941176
subspace_ridge,B03,4,11,2.417678834924828,0.2727272727272727
subspace_ridge,B03,5,49,2.6897031177763777,0.10204081632653061
subspace_ridge,B03,7,86,2.607949293531256,0.19767441860465115
subspace_ridge,B03,8,468,2.5319375028196354,0.19017094017094016
subspace_ridge,B04,0,325,0.2601083216734282,1.0
subspace_ridge,B04,3,737,0.16309233815959884,1.0
subspace_ridge,B04,6,52,0.17322682310848048,1.0
subspace_ridge,B08,0,50,0.5191650894056201,0.96
subspace_ridge,B08,3,166,0.298817830220231,1.0
subspace_ridge,B08,4,410,0.2893638650023607,1.0
subspace_ridge,B08,5,286,0.28615035948498724,1.0
subspace_ridge,B08,6,186,0.28093704773343153,1.0
subspace_ridge,B08,7,420,0.2808246825928831,1.0
subspace_ridge,B08,8,309,0.27728551659290934,1.0
subspace_ridge,B10,0,165,0.5264171051109752,0.0
subspace_ridge,B10,1,255,0.43844692428935816,0.0
subspace_ridge,B10,2,85,0.43534025300917123,0.0
subspace_ridge,B10,3,100,0.4096355467720241,0.0
subspace_ridge,B10,4,249,0.4282056306848646,0.0
subspace_ridge,B10,5,83,0.43212868290820966,0.0
subspace_ridge,B10,6,595,0.22197771872745764,0.10756302521008404
subspace_ridge,B10,7,1338,0.22511298157058077,0.08594917787742899
subspace_ridge,B10,8,354,0.22315173618679457,0.09887005649717515
subspace_ridge,B11,1,5,1.4105968090876866,1.0
subspace_ridge,B11,2,1,1.1037716652933554,1.0
subspace_ridge,B11,3,499,1.27288516205014,1.0
subspace_ridge,B11,4,1123,1.2395759689774468,1.0
subspace_ridge,B11,5,325,1.2291709485760267,1.0
subspace_ridge,B12,3,185,1.5948843720804187,0.12972972972972974
subspace_ridge,B12,4,441,1.4594693030654327,0.2925170068027211
subspace_ridge,B12,5,141,1.4230469308646252,0.24113475177304963
subspace_ridge,B17,2,1752,0.17596411819195035,0.9634703196347032
subspace_ridge,B17,5,370,0.14647824784054,0.9945945945945946
subspace_ridge,B17,8,611,0.20070069066053225,0.9509001636661211
tcn,B02,0,51,1.17723891062582,0.0
tcn,B02,4,9,0.6306710568660744,0.3333333333333333
tcn,B02,5,93,0.5950801193712701,0.4838709677419355
tcn,B02,7,147,0.5409947527965641,0.5714285714285714
tcn,B02,8,816,0.5610620986772633,0.5674019607843137
tcn,B03,4,11,0.30894990405741796,1.0
tcn,B03,5,49,0.25918759603224545,1.0
tcn,B03,7,86,0.359101803262684,1.0
tcn,B03,8,468,0.29225687969655423,1.0
tcn,B04,0,325,0.12830893539961818,1.0
tcn,B04,3,737,0.07519594164391409,1.0
tcn,B04,6,52,0.058671220586084157,1.0
tcn,B08,0,50,0.5085346654465592,0.0
tcn,B08,3,166,0.3283780221049435,0.5662650602409639
tcn,B08,4,410,0.33268279330709466,0.5585365853658537
tcn,B08,5,286,0.3488077553243243,0.5174825174825175
tcn,B08,6,186,0.3094018507595028,0.5806451612903226
tcn,B08,7,420,0.3055075093507535,0.6023809523809524
tcn,B08,8,309,0.31307276435702536,0.6213592233009708
tcn,B10,0,165,0.49836699002129203,0.03636363636363636
tcn,B10,1,255,0.44428643071192947,0.011764705882352941
tcn,B10,2,85,0.4498805896029831,0.011764705882352941
tcn,B10,3,100,0.46009477390655856,0.0
tcn,B10,4,249,0.45164958278210454,0.0
tcn,B10,5,83,0.4495049716074211,0.012048192771084338
tcn,B10,6,595,0.2402038904571281,0.8184873949579832
tcn,B10,7,1338,0.24083182672819367,0.8153961136023916
tcn,B10,8,354,0.2371213271604969,0.8050847457627118
tcn,B11,1,5,0.1767497311257031,1.0
tcn,B11,2,1,1.1105028370354082,0.0
tcn,B11,3,499,0.5089530973312991,0.6533066132264529
tcn,B11,4,1123,0.5450822728211898,0.609973285841496
tcn,B11,5,325,0.5101097801783666,0.6246153846153846
tcn,B12,3,185,0.6676977626482954,0.5243243243243243
tcn,B12,4,441,0.6301829735044636,0.5759637188208617
tcn,B12,5,141,0.5403752164535918,0.6028368794326241
tcn,B17,2,1752,0.2646228276908702,0.5918949771689498
tcn,B17,5,370,0.3274238649110212,0.43243243243243246
tcn,B17,8,611,0.037748944364671404,0.9967266775777414
temperature_only,B02,0,51,1.401580562069466,1.0
temperature_only,B02,4,9,2.1189519503025225,0.8888888888888888
temperature_only,B02,5,93,2.199281756260112,0.8279569892473119
temperature_only,B02,7,147,2.210373297252258,0.8163265306122449
temperature_only,B02,8,816,2.1609470746649695,0.8713235294117647
temperature_only,B03,4,11,0.40165726367627375,0.9090909090909091
temperature_only,B03,5,49,0.31527108077361704,1.0
temperature_only,B03,7,86,0.33980104167360775,0.9767441860465116
temperature_only,B03,8,468,0.418143503316427,0.9551282051282052
temperature_only,B04,0,325,0.5968895463760419,1.0
temperature_only,B04,3,737,0.3240280171018934,1.0
temperature_only,B04,6,52,0.27620671617974296,1.0
temperature_only,B08,0,50,0.4651138095964543,1.0
temperature_only,B08,3,166,0.3831685696459375,1.0
temperature_only,B08,4,410,0.3806883207050381,1.0
temperature_only,B08,5,286,0.38360165295929244,1.0
temperature_only,B08,6,186,0.3511735609132505,1.0
temperature_only,B08,7,420,0.3569202684477953,1.0
temperature_only,B08,8,309,0.35188926207063487,1.0
temperature_only,B10,0,165,0.585923050028267,0.0
temperature_only,B10,1,255,0.6549809775296109,0.0
temperature_only,B10,2,85,0.6470768705664901,0.0
temperature_only,B10,3,100,0.6388462539972325,0.0
temperature_only,B10,4,249,0.6475587153991904,0.0
temperature_only,B10,5,83,0.6445332693861703,0.0
temperature_only,B10,6,595,0.2832051642289502,0.20504201680672268
temperature_only,B10,7,1338,0.2799822709142853,0.17040358744394618
temperature_only,B10,8,354,0.27133983053332705,0.18361581920903955
temperature_only,B11,1,5,0.9218067242017373,0.0
temperature_only,B11,2,1,0.9821347124624697,0.0
temperature_only,B11,3,499,0.9412649972892025,0.006012024048096192
temperature_only,B11,4,1123,0.931612086481175,0.015138023152270703
temperature_only,B11,5,325,0.9283777533914219,0.033846153846153845
temperature_only,B12,3,185,2.1750539848183092,1.0
temperature_only,B12,4,441,2.197081023689438,0.9977324263038548
temperature_only,B12,5,141,2.118139258600894,0.9929078014184397
temperature_only,B17,2,1752,0.1387928774331117,1.0
temperature_only,B17,5,370,0.1352846538761313,0.981081081081081
temperature_only,B17,8,611,0.07055168452595745,0.9918166939443536
time_only,B02,0,51,0.8914989367489244,0.0
time_only,B02,4,9,0.8914989367489244,0.0
time_only,B02,5,93,0.8914989367489243,0.0
time_only,B02,7,147,0.8914989367489243,0.0
time_only,B02,8,816,0.8914989367489244,0.0
time_only,B03,4,11,1.7493305692320984,0.0
time_only,B03,5,49,1.749330569232098,0.0
time_only,B03,7,86,1.7493305692320975,0.0
time_only,B03,8,468,1.749330569232098,0.0
time_only,B04,0,325,0.013903089450410154,1.0
time_only,B04,3,737,0.013962232419655203,1.0
time_only,B04,6,52,0.013805383752723959,1.0
time_only,B08,0,50,0.4713187617653211,0.0
time_only,B08,3,166,0.37176304044876435,0.2710843373493976
time_only,B08,4,410,0.3702637089903633,0.2682926829268293
time_only,B08,5,286,0.3695459920752746,0.2727272727272727
time_only,B08,6,186,0.33883955981674774,0.3387096774193548
time_only,B08,7,420,0.3503044665889782,0.3404761904761905
time_only,B08,8,309,0.3485048015709432,0.35275080906148865
time_only,B10,0,165,0.699761555010513,0.0
time_only,B10,1,255,0.6997382466915257,0.0
time_only,B10,2,85,0.6996680558602033,0.0
time_only,B10,3,100,0.6997344446881625,0.0
time_only,B10,4,249,0.6998314233757432,0.0
time_only,B10,5,83,0.6999741893654899,0.0
time_only,B10,6,595,0.3489064816538591,0.25210084033613445
time_only,B10,7,1338,0.3423105334444164,0.23393124065769805
time_only,B10,8,354,0.3327498968328618,0.2542372881355932
time_only,B11,1,5,0.2845895252756919,1.0
time_only,B11,2,1,0.35565050739891285,1.0
time_only,B11,3,499,0.29211793154942267,1.0
time_only,B11,4,1123,0.29173675658328574,1.0
time_only,B11,5,325,0.29074781826926094,1.0
time_only,B12,3,185,2.467211328976035,0.0
time_only,B12,4,441,2.467211328976035,0.0
time_only,B12,5,141,2.467211328976035,0.0
time_only,B17,2,1752,0.4235306900257485,0.1598173515981735
time_only,B17,5,370,0.434312821808806,0.11621621621621622
time_only,B17,8,611,0.11254227220470175,0.9967266775777414
