model,physical_regime,independent_bearings,records,largest_bearing_window_fraction,bearing_equal_coverage,bearing_equal_nMAE,coverage_CI_low,coverage_CI_high,uncertainty
attention,0,4,591,0.5499153976311336,0.27611408199643495,0.5471651959053817,0.00980392156862745,0.7549019607843137,bearing bootstrap conditional on fits; very sparse
attention,1,2,260,0.9807692307692307,0.5098039215686274,0.2951805527624998,0.0196078431372549,1.0,bearing bootstrap conditional on fits; very sparse
attention,2,3,1838,0.9532100108813928,0.15582191780821916,0.6011914587717303,0.0,0.4674657534246575,bearing bootstrap conditional on fits; very sparse
attention,3,5,1687,0.43687018375815057,0.6508082358138616,0.36448498576797467,0.32974210354933253,0.8963093755077723,bearing bootstrap conditional on fits; very sparse
attention,4,6,2243,0.5006687472135533,0.697365099328545,0.45102873390513426,0.4139358384814076,0.9262891064284794,bearing bootstrap conditional on fits; very sparse
attention,5,7,1347,0.2746844840386043,0.644607192692299,0.4195760142231422,0.36226003496216264,0.8836287117138181,bearing bootstrap conditional on fits; very sparse
attention,6,3,833,0.7142857142857143,0.7904039034968826,0.23090325685552116,0.6451612903225806,1.0,bearing bootstrap conditional on fits; very sparse
attention,7,4,1991,0.6720241084881969,0.8493002806503768,0.3989316969903912,0.7020019218449711,0.9965986394557823,bearing bootstrap conditional on fits; very sparse
attention,8,5,2558,0.3189992181391712,0.8879780619317689,0.3057316532360913,0.7708333736654114,0.9983649433586855,bearing bootstrap conditional on fits; very sparse
competing_stop,0,4,591,0.5499153976311336,0.5,0.7631602193234615,0.0,1.0,bearing bootstrap conditional on fits; very sparse
competing_stop,1,2,260,0.9807692307692307,0.5,0.2637588540126422,0.0,1.0,bearing bootstrap conditional on fits; very sparse
competing_stop,2,3,1838,0.9532100108813928,0.5601217656012176,0.2993520465868532,0.0,1.0,bearing bootstrap conditional on fits; very sparse
competing_stop,3,5,1687,0.43687018375815057,0.7072289156626506,0.3690541548202863,0.3072289156626506,1.0,bearing bootstrap conditional on fits; very sparse
competing_stop,4,6,2243,0.5006687472135533,0.7369089099054257,0.5235046096184107,0.4220468539719411,0.9795918367346937,bearing bootstrap conditional on fits; very sparse
competing_stop,5,7,1347,0.2746844840386043,0.681662498340604,0.4906131111820268,0.42750157643774667,0.9153718621803728,bearing bootstrap conditional on fits; very sparse
competing_stop,6,3,833,0.7142857142857143,0.6561850546670281,0.2421499712789006,0.42016806722689076,1.0,bearing bootstrap conditional on fits; very sparse
competing_stop,7,4,1991,0.6720241084881969,0.738518501571032,0.45739886617208503,0.5110506085842409,0.9659863945578231,bearing bootstrap conditional on fits; very sparse
competing_stop,8,5,2558,0.3189992181391712,0.7711361937515614,0.37926250599170763,0.584865024667099,0.9574073628360236,bearing bootstrap conditional on fits; very sparse
competing_threshold,0,4,591,0.5499153976311336,0.7244055944055945,0.8927051781223032,0.29090909090909084,1.0,bearing bootstrap conditional on fits; very sparse
competing_threshold,1,2,260,0.9807692307692307,0.4294117647058824,1.496702306948565,0.058823529411764705,0.8,bearing bootstrap conditional on fits; very sparse
competing_threshold,2,3,1838,0.9532100108813928,0.35952636762467544,0.9472292833690918,0.007990867579908675,1.0,bearing bootstrap conditional on fits; very sparse
competing_threshold,3,5,1687,0.43687018375815057,0.76362975133704,1.1135680160319565,0.414078697421981,0.9755269575295168,bearing bootstrap conditional on fits; very sparse
competing_threshold,4,6,2243,0.5006687472135533,0.7938166806666368,1.155924069624709,0.4901276026698478,0.9868108796849322,bearing bootstrap conditional on fits; very sparse
competing_threshold,5,7,1347,0.2746844840386043,0.6919732924085819,1.0960469172980922,0.320556356700935,0.9673726273726274,bearing bootstrap conditional on fits; very sparse
competing_threshold,6,3,833,0.7142857142857143,0.630430153864689,1.3411820389736826,0.0957983193277311,0.9301075268817204,bearing bootstrap conditional on fits; very sparse
competing_threshold,7,4,1991,0.6720241084881969,0.744485372624386,1.223431154036564,0.3310751654922058,0.9761904761904762,bearing bootstrap conditional on fits; very sparse
competing_threshold,8,5,2558,0.3189992181391712,0.7057671511258204,1.0514116014790145,0.38392850041129745,0.9668498952979249,bearing bootstrap conditional on fits; very sparse
context_only,0,4,591,0.5499153976311336,0.8727272727272727,0.7947044337008284,0.6181818181818182,1.0,bearing bootstrap conditional on fits; very sparse
context_only,1,2,260,0.9807692307692307,0.4764705882352941,0.6150407737827883,0.2,0.7529411764705882,bearing bootstrap conditional on fits; very sparse
context_only,2,3,1838,0.9532100108813928,0.5323618945295013,0.6091943060765118,0.0,0.9029680365296805,bearing bootstrap conditional on fits; very sparse
context_only,3,5,1687,0.43687018375815057,0.5614664509742376,1.012129669964872,0.2217074148296593,0.8757590361445782,bearing bootstrap conditional on fits; very sparse
context_only,4,6,2243,0.5006687472135533,0.5956920822772668,1.1197119106168436,0.2837369105629336,0.8663745892661555,bearing bootstrap conditional on fits; very sparse
context_only,5,7,1347,0.2746844840386043,0.6168891693997747,0.8818310006972744,0.30678905171698584,0.890643408754563,bearing bootstrap conditional on fits; very sparse
context_only,6,3,833,0.7142857142857143,0.8978494623655914,0.2542395200107909,0.6935483870967744,1.0,bearing bootstrap conditional on fits; very sparse
context_only,7,4,1991,0.6720241084881969,0.9287659098470966,0.5728246154331437,0.8119608157164211,0.9941860465116279,bearing bootstrap conditional on fits; very sparse
context_only,8,5,2558,0.3189992181391712,0.9383687126323295,0.45416964299103746,0.8309253469365366,1.0,bearing bootstrap conditional on fits; very sparse
custom_boosting,0,4,591,0.5499153976311336,0.5,0.7430560994633579,0.0,1.0,bearing bootstrap conditional on fits; very sparse
custom_boosting,1,2,260,0.9807692307692307,0.2,0.5241323194851533,0.0,0.4,bearing bootstrap conditional on fits; very sparse
custom_boosting,2,3,1838,0.9532100108813928,0.5882800608828006,0.3832843367018728,0.0,1.0,bearing bootstrap conditional on fits; very sparse
custom_boosting,3,5,1687,0.43687018375815057,0.6656131018141787,0.4970948331038608,0.31062124248497,0.9376945620319115,bearing bootstrap conditional on fits; very sparse
custom_boosting,4,6,2243,0.5006687472135533,0.5845302700655305,0.7106404248365593,0.3209161966953596,0.803233864548288,bearing bootstrap conditional on fits; very sparse
custom_boosting,5,7,1347,0.2746844840386043,0.6111571979301308,0.6521367197635157,0.39008011898071143,0.7905680097786533,bearing bootstrap conditional on fits; very sparse
custom_boosting,6,3,833,0.7142857142857143,0.845167314237523,0.19867456566028385,0.653781512605042,1.0,bearing bootstrap conditional on fits; very sparse
custom_boosting,7,4,1991,0.6720241084881969,0.6851813976190122,0.5971294646958379,0.5385511176000278,0.8289115646258504,bearing bootstrap conditional on fits; very sparse
custom_boosting,8,5,2558,0.3189992181391712,0.7645519333802397,0.47750516507102575,0.6171799513086332,0.9190864358391728,bearing bootstrap conditional on fits; very sparse
degradation,0,4,591,0.5499153976311336,0.963076923076923,1.8740264640205642,0.8892307692307692,1.0,bearing bootstrap conditional on fits; very sparse
degradation,1,2,260,0.9807692307692307,0.9,2.215220747968022,0.8,1.0,bearing bootstrap conditional on fits; very sparse
degradation,2,3,1838,0.9532100108813928,1.0,2.0493820583063314,1.0,1.0,bearing bootstrap conditional on fits; very sparse
degradation,3,5,1687,0.43687018375815057,0.8749118797593809,3.9658011957113857,0.8133440550836537,0.9439661348095083,bearing bootstrap conditional on fits; very sparse
degradation,4,6,2243,0.5006687472135533,0.7930240580128417,5.483213834324726,0.6417787464825792,0.9119819294097375,bearing bootstrap conditional on fits; very sparse
degradation,5,7,1347,0.2746844840386043,0.7885343446490898,5.308977834346314,0.5910701543354604,0.9336631110824659,bearing bootstrap conditional on fits; very sparse
degradation,6,3,833,0.7142857142857143,0.9366717406565604,1.4520051280265065,0.8846153846153846,0.9899159663865547,bearing bootstrap conditional on fits; very sparse
degradation,7,4,1991,0.6720241084881969,0.7831061030106066,4.685549132851133,0.5246203132415757,0.9597320093956865,bearing bootstrap conditional on fits; very sparse
degradation,8,5,2558,0.3189992181391712,0.7997054215198919,4.154118319750328,0.6035460992907801,0.9351492032359007,bearing bootstrap conditional on fits; very sparse
elapsed_clock,0,4,591,0.5499153976311336,0.25,0.8180932349610114,0.0,0.75,bearing bootstrap conditional on fits; very sparse
elapsed_clock,1,2,260,0.9807692307692307,0.5,0.5240460792299845,0.0,1.0,bearing bootstrap conditional on fits; very sparse
elapsed_clock,2,3,1838,0.9532100108813928,0.4124809741248097,0.5015194245706135,0.0,1.0,bearing bootstrap conditional on fits; very sparse
elapsed_clock,3,5,1687,0.43687018375815057,0.7566265060240964,0.5142231212683488,0.3566265060240964,1.0,bearing bootstrap conditional on fits; very sparse
elapsed_clock,4,6,2243,0.5006687472135533,0.7778229448961156,0.5154341081081283,0.46296296296296297,0.9814814814814815,bearing bootstrap conditional on fits; very sparse
elapsed_clock,5,7,1347,0.2746844840386043,0.6962754188560639,0.5011942108916339,0.38455598455598455,0.967741935483871,bearing bootstrap conditional on fits; very sparse
elapsed_clock,6,3,833,0.7142857142857143,0.6261407788922021,0.4581908433170832,0.18487394957983194,1.0,bearing bootstrap conditional on fits; very sparse
elapsed_clock,7,4,1991,0.6720241084881969,0.7283475946432384,0.467682208996902,0.37152237576645,0.9795918367346939,bearing bootstrap conditional on fits; very sparse
elapsed_clock,8,5,2558,0.3189992181391712,0.5818794022463354,0.5359331712580457,0.2233009708737864,0.9404578336188845,bearing bootstrap conditional on fits; very sparse
random_forest,0,4,591,0.5499153976311336,0.2818181818181818,0.6661358694735987,0.0,0.75,bearing bootstrap conditional on fits; very sparse
random_forest,1,2,260,0.9807692307692307,0.06274509803921569,0.6321499303461864,0.0,0.12549019607843137,bearing bootstrap conditional on fits; very sparse
random_forest,2,3,1838,0.9532100108813928,0.31280777151043065,0.36733154949775315,0.0,0.8207762557077626,bearing bootstrap conditional on fits; very sparse
random_forest,3,5,1687,0.43687018375815057,0.6141490653074302,0.3627024958512613,0.32915778545041896,0.8991403451644416,bearing bootstrap conditional on fits; very sparse
random_forest,4,6,2243,0.5006687472135533,0.5857592331601342,0.5888821342538165,0.34823251237229375,0.8232859539479748,bearing bootstrap conditional on fits; very sparse
random_forest,5,7,1347,0.2746844840386043,0.614475264255883,0.5297197469725293,0.3933862639498085,0.8194136848299507,bearing bootstrap conditional on fits; very sparse
random_forest,6,3,833,0.7142857142857143,0.8805999819282552,0.1660134444549875,0.6451612903225806,1.0,bearing bootstrap conditional on fits; very sparse
random_forest,7,4,1991,0.6720241084881969,0.8114628138250816,0.5685630295795321,0.6232993197278911,0.999626307922272,bearing bootstrap conditional on fits; very sparse
random_forest,8,5,2558,0.3189992181391712,0.8586651482451148,0.443494428942697,0.6947767942128307,0.9996726677577741,bearing bootstrap conditional on fits; very sparse
representation,0,4,591,0.5499153976311336,0.255,0.671958616700494,0.0,0.75,bearing bootstrap conditional on fits; very sparse
representation,1,2,260,0.9807692307692307,0.5,0.2681228778235142,0.0,1.0,bearing bootstrap conditional on fits; very sparse
representation,2,3,1838,0.9532100108813928,0.5532724505327246,0.28931580231972237,0.0,1.0,bearing bootstrap conditional on fits; very sparse
representation,3,5,1687,0.43687018375815057,0.6916965157929014,0.3237004261029434,0.3349397590361446,0.9567567567567569,bearing bootstrap conditional on fits; very sparse
representation,4,6,2243,0.5006687472135533,0.7443757109073426,0.3944040977797519,0.4407576103873488,0.95578231292517,bearing bootstrap conditional on fits; very sparse
representation,5,7,1347,0.2746844840386043,0.7188189360461152,0.3691431889674789,0.44232124019358066,0.9456027843124618,bearing bootstrap conditional on fits; very sparse
representation,6,3,833,0.7142857142857143,0.6810427396765157,0.20879935339308786,0.34957983193277303,1.0,bearing bootstrap conditional on fits; very sparse
representation,7,4,1991,0.6720241084881969,0.7798713431560965,0.3657246106774425,0.523542600896861,1.0,bearing bootstrap conditional on fits; very sparse
representation,8,5,2558,0.3189992181391712,0.8122000964753873,0.27822871256066295,0.5756787888760903,0.9827592984820768,bearing bootstrap conditional on fits; very sparse
standard_boosting,0,4,591,0.5499153976311336,0.5,0.6632328793463648,0.0,1.0,bearing bootstrap conditional on fits; very sparse
standard_boosting,1,2,260,0.9807692307692307,0.0,0.7633593799935006,0.0,0.0,bearing bootstrap conditional on fits; very sparse
standard_boosting,2,3,1838,0.9532100108813928,0.6358447488584474,0.32534062542815817,0.0,1.0,bearing bootstrap conditional on fits; very sparse
standard_boosting,3,5,1687,0.43687018375815057,0.5844314222714397,0.4868064970120668,0.24828684395818662,0.8756040377727125,bearing bootstrap conditional on fits; very sparse
standard_boosting,4,6,2243,0.5006687472135533,0.49394218539008666,0.7829500276448934,0.2639754625507074,0.6948443284680219,bearing bootstrap conditional on fits; very sparse
standard_boosting,5,7,1347,0.2746844840386043,0.618500555311447,0.6329511403701884,0.3698078265820201,0.8212305075798345,bearing bootstrap conditional on fits; very sparse
standard_boosting,6,3,833,0.7142857142857143,0.830176801903557,0.1710631763514889,0.6720430107526881,1.0,bearing bootstrap conditional on fits; very sparse
standard_boosting,7,4,1991,0.6720241084881969,0.7246011852441467,0.6711886664843628,0.5420212928220616,0.8626377446379533,bearing bootstrap conditional on fits; very sparse
standard_boosting,8,5,2558,0.3189992181391712,0.8079359101441327,0.5038359423866691,0.6486919562447833,0.9460206940553135,bearing bootstrap conditional on fits; very sparse
subspace_ridge,0,4,591,0.5499153976311336,0.49,0.7117536977388479,0.0,0.98,bearing bootstrap conditional on fits; very sparse
subspace_ridge,1,2,260,0.9807692307692307,0.5,0.9245218666885224,0.0,1.0,bearing bootstrap conditional on fits; very sparse
subspace_ridge,2,3,1838,0.9532100108813928,0.654490106544901,0.5716920121648257,0.0,1.0,bearing bootstrap conditional on fits; very sparse
subspace_ridge,3,5,1687,0.43687018375815057,0.625945945945946,0.7478630498564826,0.22594594594594594,1.0,bearing bootstrap conditional on fits; very sparse
subspace_ridge,4,6,2243,0.5006687472135533,0.4830962688105545,1.1305875492483974,0.19521748093176663,0.7709750566893425,bearing bootstrap conditional on fits; very sparse
subspace_ridge,5,7,1347,0.2746844840386043,0.5321238481268177,1.0160407162912806,0.22729189595878208,0.8555984555984556,bearing bootstrap conditional on fits; very sparse
subspace_ridge,6,3,833,0.7142857142857143,0.7025210084033614,0.22538052985645654,0.10756302521008404,1.0,bearing bootstrap conditional on fits; very sparse
subspace_ridge,7,4,1991,0.6720241084881969,0.4399535181681391,1.0003949127853817,0.14181179824104007,0.7994186046511628,bearing bootstrap conditional on fits; very sparse
subspace_ridge,8,5,2558,0.3189992181391712,0.5546058791256707,0.8120872639237291,0.2222340457260697,0.8869777125252719,bearing bootstrap conditional on fits; very sparse
tcn,0,4,591,0.5499153976311336,0.2590909090909091,0.5781123753733224,0.0,0.75,bearing bootstrap conditional on fits; very sparse
tcn,1,2,260,0.9807692307692307,0.5058823529411764,0.3105180809188163,0.011764705882352941,1.0,bearing bootstrap conditional on fits; very sparse
tcn,2,3,1838,0.9532100108813928,0.20121989435043422,0.6083354181097539,0.0,0.5918949771689498,bearing bootstrap conditional on fits; very sparse
tcn,3,5,1687,0.43687018375815057,0.5487791995583482,0.4080639195270022,0.23552618751015544,0.8183275805926379,bearing bootstrap conditional on fits; very sparse
tcn,4,6,2243,0.5006687472135533,0.5129678205602575,0.4832030972230575,0.26266061980347694,0.753211722999282,bearing bootstrap conditional on fits; very sparse
tcn,5,7,1347,0.2746844840386043,0.5247551963537113,0.4329270434111772,0.3162159703251731,0.7274304074304074,bearing bootstrap conditional on fits; very sparse
tcn,6,3,833,0.7142857142857143,0.7997108520827686,0.2027589872675717,0.5806451612903226,1.0,bearing bootstrap conditional on fits; very sparse
tcn,7,4,1991,0.6720241084881969,0.7473014093529788,0.3616089730345488,0.5869047619047618,0.9076980568011959,bearing bootstrap conditional on fits; very sparse
tcn,8,5,2558,0.3189992181391712,0.7981145214851475,0.28825240285120224,0.6365214227866562,0.9597076201836389,bearing bootstrap conditional on fits; very sparse
temperature_only,0,4,591,0.5499153976311336,0.75,0.7623767420175573,0.25,1.0,bearing bootstrap conditional on fits; very sparse
temperature_only,1,2,260,0.9807692307692307,0.0,0.788393850865674,0.0,0.0,bearing bootstrap conditional on fits; very sparse
temperature_only,2,3,1838,0.9532100108813928,0.3333333333333333,0.5893348201540239,0.0,1.0,bearing bootstrap conditional on fits; very sparse
temperature_only,3,5,1687,0.43687018375815057,0.6012024048096192,0.892472364570515,0.2012024048096192,1.0,bearing bootstrap conditional on fits; very sparse
temperature_only,4,6,2243,0.5006687472135533,0.6351417079059872,1.1129248933756064,0.3047093073807232,0.9630093451522018,bearing bootstrap conditional on fits; very sparse
temperature_only,5,7,1347,0.2746844840386043,0.6908274322275696,0.9606413464639484,0.3692233250620349,0.9723829133575188,bearing bootstrap conditional on fits; very sparse
temperature_only,6,3,833,0.7142857142857143,0.735014005602241,0.3035284804406479,0.2050420168067227,1.0,bearing bootstrap conditional on fits; very sparse
temperature_only,7,4,1991,0.6720241084881969,0.7408685760256757,0.7967692195719865,0.3719887370945876,0.9883720930232558,bearing bootstrap conditional on fits; very sparse
temperature_only,8,5,2558,0.3189992181391712,0.8003768495386726,0.6545742710222632,0.4844341974077766,0.9861156573922532,bearing bootstrap conditional on fits; very sparse
time_only,0,4,591,0.5499153976311336,0.25,0.5191205857437922,0.0,0.75,bearing bootstrap conditional on fits; very sparse
time_only,1,2,260,0.9807692307692307,0.5,0.49216388598360883,0.0,1.0,bearing bootstrap conditional on fits; very sparse
time_only,2,3,1838,0.9532100108813928,0.3866057838660579,0.4929497510949549,0.0,1.0,bearing bootstrap conditional on fits; very sparse
time_only,3,5,1687,0.43687018375815057,0.4542168674698795,0.768957795616408,0.05421686746987951,0.8542168674698795,bearing bootstrap conditional on fits; very sparse
time_only,4,6,2243,0.5006687472135533,0.21138211382113822,1.078312120651075,0.0,0.5447154471544716,bearing bootstrap conditional on fits; very sparse
time_only,5,7,1347,0.2746844840386043,0.19842049842049841,0.9860888080679844,0.016602316602316602,0.4841347841347841,bearing bootstrap conditional on fits; very sparse
time_only,6,3,833,0.7142857142857143,0.5302701725851631,0.2338504750744436,0.25210084033613445,1.0,bearing bootstrap conditional on fits; very sparse
time_only,7,4,1991,0.6720241084881969,0.14360185778347212,0.833361126503604,0.0,0.28720371556694424,bearing bootstrap conditional on fits; very sparse
time_only,8,5,2558,0.3189992181391712,0.32074295495496463,0.6869252953179059,0.05084745762711864,0.6685861683589425,bearing bootstrap conditional on fits; very sparse
