model,bearing_id,nMAE,MAE_hours,late_MAE_hours,coverage,interval_score_hours,normalized_interval_score,mean_width_hours,slope,monotonic_violation_rate,asymmetric_5,asymmetric_10,alpha_lambda_accuracy,prognostic_horizon_fraction,coverage_error,records,duration_hours,seed
representation,B02,0.3019787440855607,1.6961978289317006,1.3570436954917695,0.8897849462365591,9.851337380234968,1.753860569153152,4.817921186487455,-1.4282793280399988,0.484304932735426,1.487997264119473,2.970520414161862,0.0,0.0,0.0102150537634408,1116,5.616944444444444,20260929
representation,B03,0.6634285689192234,2.1334757062160694,1.298539138580247,1.0,8.20809454757329,2.55240048123554,8.20809454757329,-1.8617247249009097,0.4730831973898858,3.31696370807951,6.6338826320298665,0.0,0.0,0.0999999999999999,614,3.2158333333333333,20260929
representation,B04,0.179294961667571,1.0214334357889483,0.3964052436171936,1.0,12.279897620287253,2.155523498612029,12.279897620287253,-0.4894025949906833,0.5085354896675651,0.2018559703254157,0.2300572311477214,0.3333333333333333,0.0,0.0999999999999999,1114,5.696944444444444,20260929
representation,B08,0.3056890947196741,3.247776804121693,1.4616749346228808,0.715927750410509,9.98355886063717,0.9396782027372363,7.205329305568145,-0.3754333881660945,0.4978094194961664,0.3064116478654675,0.3073148392977092,0.0,0.0,0.1840722495894909,1827,10.624444444444444,20260929
representation,B10,0.2736356693971731,5.197937569923801,2.212854559672862,0.2571339950372208,78.24002696161298,4.118799401357121,3.2955578717315324,-0.3533138912384622,0.4961216258144585,0.2741503140310162,0.27479361982332,0.3333333333333333,0.0,0.6428660049627792,3224,18.995833333333334,20260929
representation,B11,0.1354732424442912,1.1977716204887072,0.8853298483560559,1.0,17.637732406786483,1.9949051702670944,17.637732406786483,-1.1884321081602125,0.4989754098360656,0.6105777422747588,1.2044583670628437,0.3333333333333333,0.0,0.0999999999999999,1953,8.841388888888888,20260929
representation,B12,0.4742812585748169,1.2094172093657831,0.3783671006243109,0.8461538461538461,11.794503615128423,4.625295535344481,2.9437885721036507,-2.6777746059323664,0.4921671018276762,2.289442576945631,4.558394224909148,0.0,0.0,0.0538461538461538,767,2.55,20260929
representation,B17,0.1905232447442994,3.1299264492840595,1.1010726604961771,0.7025246981339188,17.99873532319942,1.0956095967859507,8.400859413535636,-0.4916279403539954,0.4871888726207906,0.2023814987673909,0.2172043162962553,0.6666666666666666,0.0,0.1974753018660812,2733,16.428055555555556,20260929
representation,B02,0.39165538076760753,2.1999065151393866,1.4411809697448563,0.9274193548387096,15.737373827114698,2.801767755185842,6.529971457939068,-1.8309104947712707,0.48699551569506727,1.9287443489232514,3.850105559117806,0.0,0.0,0.02741935483870961,1116,5.616944444444444,20260930
representation,B03,0.42789008843379506,1.376023209388346,0.7645650717429193,1.0,7.159657957249186,2.226377182870957,7.159657957249186,-1.6271253708845366,0.47797716150081565,2.1380389249717022,4.275724970644085,0.0,0.0,0.09999999999999998,614,3.2158333333333333,20260930
representation,B04,0.15132731146364517,0.8621032863355275,0.3923888786293592,1.0,12.737053087522442,2.2357692288790676,12.737053087522442,-0.598737801811956,0.5040431266846361,0.18702075524823233,0.2316375599789663,0.6666666666666666,0.0,0.09999999999999998,1114,5.696944444444444,20260930
representation,B08,0.32212894159271893,3.4224410438995316,1.6665628536943526,0.662287903667214,11.281327464759169,1.0618275170762657,6.8452859540859325,-0.38328996735072024,0.4939759036144578,0.3223907640903197,0.3227180422123206,0.0,0.0,0.237712096332786,1827,10.624444444444444,20260930
representation,B10,0.2659063899393759,5.051113465556727,1.5939374767715162,0.3446029776674938,72.67002232236163,3.8255769592820337,4.187767637222395,-0.23654185921590135,0.49798324542351846,0.2753109776207471,0.2870667122224611,0.3333333333333333,0.0,0.5553970223325062,3224,18.995833333333334,20260930
representation,B11,0.15721306718266012,1.3899818653769136,1.0233220062747106,1.0,22.94001249871992,2.5946163874263006,22.94001249871992,-1.198028783162314,0.5015368852459017,0.7295387231499513,1.4449457931090652,0.3333333333333333,0.0,0.09999999999999998,1953,8.841388888888888,20260930
representation,B12,0.7063186038800977,1.801112439894249,0.5421171998230345,0.5149934810951761,20.267305148110967,7.947962803180772,2.508591644706649,-3.352957043961405,0.47389033942558745,3.457094432371149,6.895564217984963,0.0,0.0,0.38500651890482396,767,2.55,20260930
representation,B17,0.21491535871875847,3.5306414527739154,1.0892434562778592,0.557994877424076,31.733382382869483,1.9316578444451418,6.605833330952579,-0.41426044838292403,0.4912152269399707,0.2203455716470823,0.22713333780748704,0.6666666666666666,0.0,0.34200512257592397,2733,16.428055555555556,20260930
representation,B02,0.326495157393951,1.8339051604619676,1.2253639845226338,0.9507168458781362,12.092451870480467,2.1528523185663264,7.479353067613083,-1.6024763047406578,0.4923766816143498,1.6141408626178937,3.2236979941478214,0.0,0.0,0.050716845878136185,1116,5.616944444444444,20260931
representation,B03,0.486894710536082,1.565772239965617,0.8922091624364562,0.993485342019544,6.414198094919889,1.9945679486664594,6.400088197344789,-1.7067365041417095,0.49429037520391517,2.4323155105329306,4.864091510528992,0.0,0.0,0.09348534201954395,614,3.2158333333333333,20260931
representation,B04,0.1360986360487531,0.7753463685344103,0.2965827252688563,1.0,13.233296113554758,2.322876103603156,13.233296113554758,-0.5950763946863301,0.49865229110512127,0.16518955297884289,0.20155319914145509,0.3333333333333333,0.0,0.09999999999999998,1114,5.696944444444444,20260931
representation,B08,0.3123309877104718,3.318343227208368,1.67321452592843,0.9058565955117679,7.85408961619404,0.7392470879078263,7.4228074940752045,-0.4269033027897908,0.4813800657174151,0.31234133268780234,0.3123542639094655,0.0,0.0,0.00585659551176787,1827,10.624444444444444,20260931
representation,B10,0.275839661253353,5.239804231891818,1.8212676352633228,0.31234491315136476,76.9786571769359,4.052396956013296,3.8641060489375434,-0.25661176824169424,0.4899162271175923,0.27841208907998266,0.2816276238632698,0.3333333333333333,0.0,0.5876550868486352,3224,18.995833333333334,20260931
representation,B11,0.21697127886500897,1.9183274541651028,1.2949394113337884,1.0,22.165230342037887,2.5069851151885514,22.165230342037887,-1.2880981573781463,0.5015368852459017,1.073212850932154,2.143514816016085,0.3333333333333333,0.0,0.09999999999999998,1953,8.841388888888888,20260931
representation,B12,0.5871409327310377,1.4972093784641463,0.40593184390426446,0.7483702737940026,16.306684323512098,6.394778166083176,2.5409636041147325,-3.226566334425494,0.46866840731070497,2.832206262573533,5.638537924876653,0.0,0.0,0.15162972620599746,767,2.55,20260931
representation,B17,0.17391818982495416,2.857137684566004,0.8035487414893444,0.6476399560922064,21.389346836825872,1.3020011263349138,7.298921794341017,-0.43196699218976176,0.48755490483162517,0.2168722228148222,0.27056476405215724,0.3333333333333333,0.0,0.25236004390779365,2733,16.428055555555556,20260931
