model,bearing_id,nMAE_v2,MAE_hours_v2,late_MAE_hours_v2,coverage_v2,interval_score_hours_v2,normalized_interval_score_v2,mean_width_hours_v2,slope_v2,monotonic_violation_rate_v2,asymmetric_5_v2,asymmetric_10_v2,alpha_lambda_accuracy_v2,prognostic_horizon_fraction_v2,coverage_error_v2,records_v2,duration_hours_v2,nMAE_v3,MAE_hours_v3,late_MAE_hours_v3,coverage_v3,interval_score_hours_v3,normalized_interval_score_v3,mean_width_hours_v3,slope_v3,monotonic_violation_rate_v3,asymmetric_5_v3,asymmetric_10_v3,alpha_lambda_accuracy_v3,prognostic_horizon_fraction_v3,coverage_error_v3,records_v3,duration_hours_v3,delta_nMAE
attention,B02,0.5112433970963153,2.871625759079053,2.112509441849794,0.9184587813620072,16.706082754190305,2.9742296580329906,9.263803037543548,-1.8714296213489408,0.4834080717488789,2.5382209290052806,5.071942843891487,0.3333333333333333,0.0,0.0184587813620071,1116,5.616944444444444,0.4769956550720277,2.6792580947809643,2.0162346391522634,0.996415770609319,10.78872544516602,1.920746333148592,10.772682042139335,-1.5945400630801114,0.484304932735426,2.367883976362627,4.731494377975877,0.3333333333333333,0.0,0.0964157706093189,1116,5.616944444444444,-0.0342477420242876
attention,B03,0.5438937661610871,1.7490717030130294,1.511439259822077,0.6237785016286646,5.513845667322259,1.7145931072264085,3.8440106092332247,-1.2008204099179662,0.4893964110929853,2.719468830805435,5.43893766161087,0.0,0.0,0.2762214983713354,614,3.2158333333333333,0.3578094852626754,1.1506556696905537,1.0427089521096589,1.0,5.671645506964333,1.7636627645393104,5.671645506964333,-1.132000161235603,0.4910277324632953,1.789047426313377,3.578094852626754,0.0,0.0,0.0999999999999999,614,3.2158333333333333,-0.18608428089841167
attention,B04,0.2044436993924198,1.164704397455316,0.8766750629941199,1.0,12.692679052064634,2.2279801349374755,12.692679052064634,-0.7536574137023598,0.4896675651392632,0.249458944554219,0.3057280010064679,0.0,0.0,0.0999999999999999,1114,5.696944444444444,0.084953548530824,0.4839756463385197,0.4361128585746145,1.0,14.630813202872533,2.568186041754406,14.630813202872533,-1.0883906741818226,0.5022461814914645,0.1626445091738417,0.2597582099776138,0.0,0.0,0.0999999999999999,1114,5.696944444444444,-0.1194901508615958
attention,B08,0.1785218026526845,1.896694974405522,0.9216221132272228,0.866447728516694,8.636733943105332,0.8129115821789165,6.517545210513957,-0.4307332339741865,0.4791894852135816,0.2949344290518583,0.4404502120508256,0.3333333333333333,0.0,0.0335522714833059,1827,10.624444444444444,0.3112880916941169,3.3072630364212734,1.2132507280491522,0.6425834701696771,13.721378390971244,1.2914913775229158,7.029364458477175,-0.2332460226052813,0.5043811610076671,0.3311574035660392,0.3559940434059422,0.3333333333333333,0.0,0.2574165298303229,1827,10.624444444444444,0.13276628904143242
attention,B10,0.2901532989474641,5.51170370792287,2.88447851741207,0.3880272952853598,45.03228337047893,2.370640054598584,7.836476987862437,-0.3896962944341778,0.4930189264660254,0.2940086382003548,0.2988278122664682,0.3333333333333333,0.0,0.5119727047146403,3224,18.995833333333334,0.3332841376769226,6.331009931954543,3.7610733647610575,0.5766129032258065,20.19909222627877,1.0633433064941666,11.028768853312128,-0.4260270405122425,0.489605957182749,0.3338233712765813,0.3344974132761545,0.0,0.0,0.3233870967741935,3224,18.995833333333334,0.0431308387294585
attention,B11,0.2878523516930824,2.5450145838997558,1.114318536992274,0.4582693292370712,17.965805363793823,2.032011665765741,4.468210094293907,-1.7103368561057966,0.5,1.0022881613136716,1.895332923339408,0.0,0.0,0.4417306707629288,1953,8.841388888888888,0.4979476845503632,4.4025491254315305,1.2864791932299482,0.6502816180235536,20.41498071421176,2.3090241783016228,14.618599842959553,-2.3471651470200023,0.4918032786885246,2.3884486133770046,4.751574774410306,0.3333333333333333,0.0,0.2497183819764464,1953,8.841388888888888,0.21009533285728083
attention,B12,0.3083117968692214,0.7861950820165147,0.2136414669306643,0.9165580182529336,8.835863722080255,3.465044596894218,3.577423709621904,-1.8601943181905336,0.5078328981723238,1.196873917061352,2.3075765673015147,0.0,0.0,0.0165580182529334,767,2.55,0.4788008319253067,1.2209421214095322,0.3594236373194081,0.9048239895697524,15.176215327325451,5.951456991108021,3.145531162759322,-2.8523964202010155,0.5078328981723238,2.128450593648684,4.190512795802905,0.0,0.0,0.0048239895697522,767,2.55,0.17048903505608531
attention,B17,0.2392582964859269,3.9305485867983903,1.5745484394322435,0.3929747530186608,44.23790648646508,2.6928266913186163,4.760084703243542,-0.3879929915859714,0.4989019033674963,0.2625963495419757,0.2917689158620366,0.0,0.0,0.5070252469813392,2733,16.428055555555556,0.1920033230772554,3.154241258364435,0.7074653631438103,0.5023783388218075,37.5786698804498,2.287469125811523,4.401435942245957,-0.426243151729094,0.486090775988287,0.2003264104867668,0.210730269748656,0.6666666666666666,0.0,0.3976216611781925,2733,16.428055555555556,-0.04725497340867149
context_only,B02,0.7973892037183037,4.478890857885505,4.771830522360783,1.0,20.668283782476607,3.679631156565738,20.668283782476607,-0.9336396135200732,0.4152466367713004,3.9869460185915178,7.9738920371830355,0.0,0.0,0.0999999999999999,1116,5.616944444444444,0.7973892037183037,4.478890857885505,4.771830522360783,1.0,20.668283782476607,3.679631156565738,20.668283782476607,-0.9336396135200732,0.4152466367713004,3.9869460185915178,7.9738920371830355,0.0,0.0,0.0999999999999999,1116,5.616944444444444,0.0
context_only,B03,0.7319297388274549,2.3537640517792906,2.38577398173764,1.0,8.925559979713691,2.7755045285453304,8.925559979713691,-0.9700604726258264,0.430668841761827,3.659648694137275,7.319297388274551,0.0,0.0,0.0999999999999999,614,3.2158333333333333,0.7319297388274549,2.3537640517792906,2.38577398173764,1.0,8.925559979713691,2.7755045285453304,8.925559979713691,-0.9700604726258264,0.430668841761827,3.659648694137275,7.319297388274551,0.0,0.0,0.0999999999999999,614,3.2158333333333333,0.0
context_only,B04,0.2466501933699381,1.4051524488400169,1.3370850199193889,1.0,15.635869250406788,2.7446062363579133,15.635869250406788,-0.3324732846280415,0.4627133872416891,0.6903005701507434,1.24486354112675,0.3333333333333333,0.0,0.0999999999999999,1114,5.696944444444444,0.2466501933699381,1.4051524488400169,1.3370850199193889,1.0,15.635869250406788,2.7446062363579133,15.635869250406788,-0.3324732846280415,0.4627133872416891,0.6903005701507434,1.24486354112675,0.3333333333333333,0.0,0.0999999999999999,1114,5.696944444444444,0.0
context_only,B08,0.3664328053293156,3.89314498284324,2.529888963382385,0.9244663382594416,7.9937415696823155,0.7523914884662293,7.7594808015198575,-0.4745102204142622,0.4797371303395399,0.366930845727888,0.3675533962261034,0.0,0.0,0.0244663382594416,1827,10.624444444444444,0.3664328053293156,3.89314498284324,2.529888963382385,0.9244663382594416,7.9937415696823155,0.7523914884662293,7.7594808015198575,-0.4745102204142622,0.4797371303395399,0.366930845727888,0.3675533962261034,0.0,0.0,0.0244663382594416,1827,10.624444444444444,0.0
context_only,B10,0.3053221000941496,5.799847726371784,3.556215409282782,0.5034119106699751,67.94303146099332,3.5767333956214955,4.637728525541339,-0.5000367943587313,0.47378219050574,0.3057096564596999,0.3061941019166376,0.0,0.0,0.3965880893300249,3224,18.995833333333334,0.3053221000941496,5.799847726371784,3.556215409282782,0.5034119106699751,67.94303146099332,3.5767333956214955,4.637728525541339,-0.5000367943587313,0.47378219050574,0.3057096564596999,0.3061941019166376,0.0,0.0,0.3965880893300249,3224,18.995833333333334,0.0
context_only,B11,0.5536581229713998,4.895106776682412,7.554622606092718,0.2739375320020481,59.317988043875616,6.709125544564776,5.131034888624003,0.2534300669027092,0.4651639344262295,2.7533431454327784,5.502949423509501,0.0,0.0,0.6260624679979518,1953,8.841388888888888,0.5536581229713998,4.895106776682412,7.554622606092718,0.2739375320020481,59.317988043875616,6.709125544564776,5.131034888624003,0.2534300669027092,0.4651639344262295,2.7533431454327784,5.502949423509501,0.0,0.0,0.6260624679979518,1953,8.841388888888888,0.0
context_only,B12,2.4400501870489237,6.222127976974754,6.286962239080652,0.0,76.03399410598873,29.817252590583816,5.378729492611813,-0.9123366968525304,0.4464751958224543,12.200250935244616,24.40050187048923,0.0,0.0,0.9,767,2.55,2.4400501870489237,6.222127976974754,6.286962239080652,0.0,76.03399410598873,29.817252590583816,5.378729492611813,-0.9123366968525304,0.4464751958224543,12.200250935244616,24.40050187048923,0.0,0.0,0.9,767,2.55,0.0
context_only,B17,0.1196621515230545,1.9658164731180463,2.4653522368144505,1.0,11.885974391570604,0.7235168125269131,11.885974391570604,-0.8894919828232029,0.1050512445095168,0.5967529057298723,1.1931163484883944,0.0,0.0,0.0999999999999999,2733,16.428055555555556,0.1196621515230545,1.9658164731180463,2.4653522368144505,1.0,11.885974391570604,0.7235168125269131,11.885974391570604,-0.8894919828232029,0.1050512445095168,0.5967529057298723,1.1931163484883944,0.0,0.0,0.0999999999999999,2733,16.428055555555556,0.0
custom_boosting,B02,0.7849009966842111,4.408745292764286,4.424217896272325,0.4758064516129032,25.13164260279408,4.474255149105321,8.192411373284946,-1.1918700167124283,0.02152466367713,3.924504983421056,7.849009966842111,0.0,0.0,0.4241935483870968,1116,5.616944444444444,1.0010363698701268,5.622765676428843,5.67958421481854,0.510752688172043,25.44225247493132,4.529553875167042,10.77876095574755,-1.165171497867375,0.0242152466367713,5.005181849350635,10.01036369870127,0.0,0.0,0.389247311827957,1116,5.616944444444444,0.2161353731859157
custom_boosting,B03,1.2280357443318963,3.949158281147323,4.0295787906895,0.1644951140065146,29.37005611352533,9.132953442920549,5.858212007174897,-1.1317288600958917,0.0864600326264274,6.14017872165948,12.28035744331896,0.0,0.0,0.7355048859934854,614,3.2158333333333333,0.9416652338767189,3.028238447941882,3.1066938418078776,0.3143322475570032,18.435946953316257,5.732867671412156,5.302339480998551,-1.1674217350339444,0.0766721044045677,4.706010518498656,9.411442124276077,0.0,0.0,0.5856677524429967,614,3.2158333333333333,-0.2863705104551775
custom_boosting,B04,0.1400039997404987,0.7975950085216359,0.8154708826279105,1.0,15.874042298941951,2.786413392958752,15.874042298941951,-0.9295413276496928,0.1293800539083558,0.2457503207754194,0.3779332220690702,0.0,0.0,0.0999999999999999,1114,5.696944444444444,0.1517963087135469,0.8647751376128151,0.7583444124745855,1.0,16.012957872395987,2.8107976176617853,16.012957872395987,-0.8825315434358723,0.0880503144654088,0.3543103802008401,0.6074529695599566,0.3333333333333333,0.0,0.0999999999999999,1114,5.696944444444444,0.011792308973048199
custom_boosting,B08,0.2901666990240381,3.0828599734087248,1.0281343692968117,0.5659551176792557,20.108070765699896,1.8926232680537447,6.095497001241525,-0.2719753269941077,0.0920043811610076,0.2983137635756563,0.3084975942651792,0.3333333333333333,0.0,0.3340448823207443,1827,10.624444444444444,0.2909287124005847,3.090955942193768,1.0150202644080324,0.8593322386425835,10.136931450415346,0.9541140248247032,8.375854808526228,-0.2574707253831885,0.1106243154435925,0.2973775810669588,0.3054386668999264,0.3333333333333333,0.0,0.0406677613574165,1827,10.624444444444444,0.000762013376546633
custom_boosting,B10,0.2474367926340372,4.700268073410733,1.8119819744393644,0.5536600496277916,40.20350934422945,2.1164383072198,8.73280460358338,-0.2411235001165089,0.041576171269004,0.3036384154805912,0.3738904440387837,0.6666666666666666,0.0,0.3463399503722084,3224,18.995833333333334,0.2568062111327437,4.878247985642411,1.7314482360930386,0.4705334987593052,50.33468304023364,2.6497749352173883,7.479922477281104,-0.2017937265925611,0.0629847967731926,0.3126146834604938,0.3823752738701814,0.6666666666666666,0.0,0.4294665012406948,3224,18.995833333333334,0.009369418498706511
custom_boosting,B11,0.5066169773033052,4.479197714051917,5.477125078203107,0.7465437788018433,15.239654203312243,1.7236719699621128,10.797046451784356,-0.5481826711614398,0.0906762295081967,2.533084886516526,5.066169773033052,0.0,0.0,0.1534562211981567,1953,8.841388888888888,0.5238488133246613,4.631551077586289,5.6673619641946775,0.7491039426523297,15.833188439702276,1.7908033046255991,11.062915445398684,-0.5438105771916848,0.0942622950819672,2.6192440666233057,5.238488133246611,0.0,0.0,0.1508960573476703,1953,8.841388888888888,0.01723183602135603
custom_boosting,B12,1.1172437181291122,2.848971481229236,2.7216585080176388,0.4119947848761408,14.737647077445915,5.779469442135654,5.146238200927628,-1.3873034118931844,0.02088772845953,5.586218590645561,11.17243718129112,0.0,0.0,0.4880052151238592,767,2.55,1.086850159695867,2.771467907224461,2.534458884087817,0.6792698826597132,12.539167932318833,4.917320757772091,5.482265522094022,-1.5542025007682658,0.0221932114882506,5.434250798479335,10.86850159695867,0.0,0.0,0.2207301173402868,767,2.55,-0.030393558433245094
custom_boosting,B17,0.3115198063245932,5.117664684956325,1.9353776079420584,0.5697036223929748,39.97384846435725,2.433267183031841,8.412310691391184,-0.2115399542365172,0.0596632503660322,0.3204359630855184,0.3315811590366748,0.3333333333333333,0.0,0.3302963776070252,2733,16.428055555555556,0.3004759085042641,4.93623491801408,1.7685443359730886,0.5894621295279913,36.38888609209607,2.215045229731419,8.916514565736831,-0.2127308449713894,0.0937042459736456,0.310658945434767,0.3233877415978955,0.3333333333333333,0.0,0.3105378704720087,2733,16.428055555555556,-0.011043897820329107
degradation,B02,2.842230113478086,15.964648645733435,14.729150133831167,0.9847670250896058,47.433517255506125,8.444718961466894,46.48939653328445,-1.973416793638576,0.4726457399103139,14.138199737016658,28.258161766439866,0.0,0.0,0.0847670250896057,1116,5.616944444444444,2.842230113478086,15.964648645733435,14.729150133831167,0.9847670250896058,47.433517255506125,8.444718961466894,46.48939653328445,-1.973416793638576,0.4726457399103139,14.138199737016658,28.258161766439866,0.0,0.0,0.0847670250896057,1116,5.616944444444444,0.0
degradation,B03,0.4998463762953559,1.607422638436482,0.8012318445896878,1.0,9.570277777777775,2.975986870519132,9.570277777777775,0.0,0.0,0.4998463762953559,0.4998463762953559,0.0,0.0,0.0999999999999999,614,3.2158333333333333,0.4998463762953559,1.607422638436482,0.8012318445896878,1.0,9.570277777777775,2.975986870519132,9.570277777777775,0.0,0.0,0.4998463762953559,0.4998463762953559,0.0,0.0,0.0999999999999999,614,3.2158333333333333,0.0
degradation,B04,0.6149112175450459,3.5031150446198183,0.9923506978048486,0.895870736086176,17.407975216563923,3.0556687688151603,13.686183811263712,-2.5293676875764244,0.3602875112309074,2.592535500653335,5.064565854538696,0.0,0.0,0.004129263913824,1114,5.696944444444444,0.6149112175450459,3.5031150446198183,0.9923506978048486,0.895870736086176,17.407975216563923,3.0556687688151603,13.686183811263712,-2.5293676875764244,0.3602875112309074,2.592535500653334,5.064565854538695,0.0,0.0,0.004129263913824,1114,5.696944444444444,0.0
degradation,B08,0.4380425369242398,4.65395859785509,2.350173400779841,0.5779967159277504,22.841079396438936,2.1498610601124284,6.068770909544066,-0.1433138734183899,0.3357064622124863,0.4380425369242398,0.4380425369242398,0.0,0.0,0.3220032840722496,1827,10.624444444444444,0.4380425369242398,4.65395859785509,2.350173400779841,0.5779967159277504,22.841079396438936,2.1498610601124284,6.068770909544066,-0.1433138734183899,0.3357064622124863,0.4380425369242398,0.4380425369242398,0.0,0.0,0.3220032840722496,1827,10.624444444444444,0.0
degradation,B10,0.926636161555434,17.602226085546764,19.79693375255196,0.848014888337469,53.97541551407526,2.841434464439145,49.03575629791044,-0.5735729045790059,0.2683834936394663,4.602214420927908,9.1966872451435,0.0,0.0,0.051985111662531,3224,18.995833333333334,0.9266361615554342,17.602226085546768,19.79693375255196,0.848014888337469,53.97541551407526,2.841434464439145,49.03575629791044,-0.5735729045790062,0.2683834936394663,4.6022144209279086,9.1966872451435,0.0,0.0,0.051985111662531,3224,18.995833333333334,1.1102230246251565e-16
degradation,B11,3.481538873454132,30.781639111992096,32.26082500590997,0.8166922683051715,72.00000768219132,8.143517787423066,68.89175083049207,-0.6871117492798887,0.0876024590163934,17.407694367270658,34.815388734541315,0.0,0.0,0.0833077316948285,1953,8.841388888888888,3.481538873454132,30.781639111992096,32.26082500590997,0.8166922683051715,72.00000768219132,8.143517787423066,68.89175083049207,-0.6871117492798887,0.0876024590163934,17.407694367270658,34.815388734541315,0.0,0.0,0.0833077316948285,1953,8.841388888888888,0.0
degradation,B12,9.763257835986002,24.896307481764303,25.102216017907065,0.9556714471968708,63.788882471818695,25.015248028164194,63.333672633711885,0.6876262075710815,0.3328981723237598,48.81628917993001,97.63257835986002,0.0,0.0,0.0556714471968708,767,2.55,9.763257835986,24.8963074817643,25.102216017907065,0.9556714471968708,63.788882471818695,25.015248028164194,63.33367263371188,0.6876262075710815,0.3328981723237598,48.81628917993,97.63257835986,0.0,0.0,0.0556714471968708,767,2.55,-1.7763568394002505e-15
degradation,B17,0.7180380721131993,11.795969339679644,13.52260832949902,1.0,43.16684018838287,2.6276293041744023,43.16684018838287,-0.6072345098009749,0.4952415812591508,3.532277377036113,7.050076508189755,0.3333333333333333,0.0,0.0999999999999999,2733,16.428055555555556,0.7180380721131993,11.795969339679644,13.52260832949902,1.0,43.16684018838287,2.6276293041744023,43.16684018838287,-0.6072345098009749,0.4952415812591508,3.532277377036113,7.050076508189755,0.3333333333333333,0.0,0.0999999999999999,2733,16.428055555555556,0.0
elapsed_clock,B02,0.5054979395245265,2.839353843090403,2.782547325102881,0.9121863799283154,8.304537037037038,1.4784794685393077,7.930821385902031,1.0000000000000004,1.0,1.4643066870932824,2.662817621554228,0.3333333333333333,0.0,0.0121863799283153,1116,5.616944444444444,0.5054979395245265,2.839353843090403,2.782547325102881,0.9121863799283154,8.304537037037038,1.4784794685393077,7.930821385902031,1.0000000000000004,1.0,1.4643066870932824,2.662817621554228,0.3333333333333333,0.0,0.0121863799283153,1116,5.616944444444444,0.0
elapsed_clock,B03,0.499754230208779,1.607126311979732,1.613369644153958,1.0,11.166744028230184,3.4724262331889664,11.166744028230184,0.9999999999999996,1.0,1.499877185444914,2.7500308794900823,0.3333333333333333,0.0,0.0999999999999999,614,3.2158333333333333,0.499754230208779,1.607126311979732,1.613369644153958,1.0,11.166744028230184,3.4724262331889664,11.166744028230184,0.9999999999999996,1.0,1.499877185444914,2.7500308794900823,0.3333333333333333,0.0,0.0999999999999999,614,3.2158333333333333,0.0
elapsed_clock,B04,0.5086346905719807,2.897663574705765,2.862148215733982,1.0,19.566202373828048,3.43450819375791,19.566202373828048,1.0000000000000004,1.0,1.4972002920642715,2.732907293929635,0.3333333333333333,0.0,0.0999999999999999,1114,5.696944444444444,0.5086346905719807,2.897663574705765,2.862148215733982,1.0,19.566202373828048,3.43450819375791,19.566202373828048,1.0000000000000004,1.0,1.4972002920642715,2.732907293929635,0.3333333333333333,0.0,0.0999999999999999,1114,5.696944444444444,0.0
elapsed_clock,B08,0.4996353702114293,5.308348233290763,5.267113672399073,0.7493158182813355,19.6559539013562,1.850068867519408,12.90762330474974,1.0,1.0,1.4884304170162703,2.7244242255223217,0.3333333333333333,0.0,0.1506841817186645,1827,10.624444444444444,0.4996353702114293,5.308348233290763,5.267113672399073,0.7493158182813355,19.6559539013562,1.850068867519408,12.90762330474974,1.0,1.0,1.4884304170162703,2.7244242255223217,0.3333333333333333,0.0,0.1506841817186645,1827,10.624444444444444,0.0
elapsed_clock,B10,0.4891768270834138,9.292321477805348,9.50702704503064,0.1253101736972704,147.27335487317342,7.752929407668703,4.488570616211747,1.0000000000000004,1.0,1.5249088007233893,2.8195737677733583,0.3333333333333333,0.0,0.7746898263027295,3224,18.995833333333334,0.4891768270834138,9.292321477805348,9.50702704503064,0.1253101736972704,147.27335487317342,7.752929407668703,4.488570616211747,1.0000000000000004,1.0,1.5249088007233893,2.8195737677733583,0.3333333333333333,0.0,0.7746898263027295,3224,18.995833333333334,0.0
elapsed_clock,B11,0.5015070049908436,4.434018461625988,4.449297318791184,1.0,19.24036226318485,2.1761696612355226,19.24036226318485,1.0000000000000004,1.0,1.509523264174886,2.7695435881549386,0.3333333333333333,0.0,0.0999999999999999,1953,8.841388888888888,0.5015070049908436,4.434018461625988,4.449297318791184,1.0,19.24036226318485,2.1761696612355226,19.24036226318485,1.0000000000000004,1.0,1.509523264174886,2.7695435881549386,0.3333333333333333,0.0,0.0999999999999999,1953,8.841388888888888,0.0
elapsed_clock,B12,0.5003669901974988,1.2759358250036217,1.277130838410212,1.0,6.4217094017094,2.518317412435059,6.4217094017094,1.0000000000000002,1.0,1.5007322761061548,2.751188883491974,0.3333333333333333,0.0,0.0999999999999999,767,2.55,0.5003669901974988,1.2759358250036217,1.277130838410212,1.0,6.4217094017094,2.518317412435059,6.4217094017094,1.0000000000000002,1.0,1.5007322761061548,2.751188883491974,0.3333333333333333,0.0,0.0999999999999999,767,2.55,0.0
elapsed_clock,B17,0.5002789323991342,8.218610094727,8.198098259313486,0.1756311745334797,117.04871437573688,7.1249280829315165,5.534968797007765,1.0000000000000004,1.0,1.4979744370856247,2.745093817943738,0.3333333333333333,0.0,0.7243688254665204,2733,16.428055555555556,0.5002789323991342,8.218610094727,8.198098259313486,0.1756311745334797,117.04871437573688,7.1249280829315165,5.534968797007765,1.0000000000000004,1.0,1.4979744370856247,2.745093817943738,0.3333333333333333,0.0,0.7243688254665204,2733,16.428055555555556,0.0
random_forest,B02,0.7765054583203892,4.361588020193497,3.433479456323236,0.6738351254480287,14.713742492472162,2.619527865728688,9.861716579917378,-1.9215299060935875,0.4878923766816143,3.849000752509702,7.689619870246344,0.0,0.0,0.2261648745519713,1116,5.616944444444444,0.9087594090583476,5.104451114046902,4.045193486379693,0.5286738351254481,19.469485347926547,3.4662057886620627,10.76988849929386,-2.0401929176324933,0.4771300448430493,4.512955734773084,9.018201141916505,0.0,0.0,0.3713261648745519,1116,5.616944444444444,0.13225395073795843
random_forest,B03,0.9936114703342188,3.1952888866831253,3.0055583662921053,0.5162866449511401,12.123742711324146,3.7700158729175888,6.812132290243661,-1.334983307952326,0.4600326264274062,4.968057351671094,9.936114703342188,0.0,0.0,0.3837133550488599,614,3.2158333333333333,0.8998959164136188,2.8939152845334624,2.897489249753306,1.0,10.061837517929575,3.128842970073981,10.061837517929575,-1.1308958299864238,0.4910277324632953,4.499479582068095,8.99895916413619,0.0,0.0,0.0999999999999999,614,3.2158333333333333,-0.09371555392060005
random_forest,B04,0.1152779319638413,0.6567319740684507,0.7575714176169487,1.0,14.977013980097045,2.628955596486877,14.977013980097045,-1.1883109028095749,0.4267744833782569,0.1961959382589965,0.2973434461279404,0.0,0.0,0.0999999999999999,1114,5.696944444444444,0.1419284748799519,0.808558636475815,0.754506787419642,1.0,15.828470317637588,2.778414020356688,15.828470317637588,-1.3039058689112464,0.4339622641509434,0.3654195292792943,0.6447833472784724,0.0,0.0,0.0999999999999999,1114,5.696944444444444,0.02665054291611059
random_forest,B08,0.3031780460068831,3.221098306575352,1.024521448028093,0.5402298850574713,26.119115269815563,2.458398216150806,5.557937807583241,-0.1698711499326419,0.5054764512595837,0.327483871982475,0.3578661544519649,0.6666666666666666,0.0,0.3597701149425287,1827,10.624444444444444,0.3005470886881514,3.1931458467067824,1.1210306227573157,0.6146688560481663,16.372093918112675,1.5409835313011302,6.542742970088084,-0.2629776688586828,0.4622124863088718,0.3048764662422394,0.3102881881848494,0.3333333333333333,0.0,0.2853311439518337,1827,10.624444444444444,-0.002630957318731697
random_forest,B10,0.2571034444852582,4.883894180867883,1.495790235703002,0.6479528535980149,22.707549909232668,1.1953963540723491,12.17435400940945,-0.2858908653951492,0.4725411107663667,0.2690903289204804,0.2840739344645083,0.6666666666666666,0.0,0.2520471464019851,3224,18.995833333333334,0.2517470499558829,4.782145003120292,1.4441778655706397,0.668424317617866,31.14327340085393,1.6394791875860808,11.208028962502246,-0.2549011098924177,0.4843313682904127,0.2651549588962114,0.2819148450716221,0.6666666666666666,0.0,0.231575682382134,3224,18.995833333333334,-0.005356394529375308
random_forest,B11,0.604187646851284,5.341857947674866,6.882161446722622,0.4423963133640553,45.10603250539984,5.10169081716169,8.550108174353085,-0.3901227782301343,0.4651639344262295,3.02093823425642,6.04187646851284,0.0,0.0,0.4576036866359447,1953,8.841388888888888,0.5728587927283348,5.064867364930602,6.392276229522817,0.4423963133640553,38.29968078194453,4.331862478086031,9.084795368914012,-0.4683660388121187,0.4549180327868852,2.864293963641673,5.728587927283347,0.0,0.0,0.4576036866359447,1953,8.841388888888888,-0.03132885412294917
random_forest,B12,0.3605366304905965,0.9193684077510208,0.2191376229316462,0.9191655801825294,10.102619635739616,3.961811621858673,2.8538549532447783,-1.9451981075939824,0.4634464751958224,1.2717829752535168,2.410840906207168,0.3333333333333333,0.0,0.0191655801825293,767,2.55,0.3558094268061941,0.907314038355795,0.3310732991911433,0.8956975228161669,10.16136865934419,3.98485045464478,3.35496543752073,-1.9369640616644703,0.4530026109660574,1.610791333205318,3.179518716204222,0.3333333333333333,0.0,0.0043024771838331,767,2.55,-0.004727203684402381
random_forest,B17,0.2143939105253685,3.5220750728835606,1.0696111263965795,0.615440907427735,28.21679582479167,1.717598027920563,7.8803600954849715,-0.3143606545861928,0.4732796486090776,0.2826088052462598,0.3678774236473739,0.0,0.0,0.2845590925722649,2733,16.428055555555556,0.2230534028501319,3.664333693877682,0.9985541959770966,0.7288693743139407,21.747338675688727,1.3237926181917692,10.998671992013492,-0.2867453554979841,0.4765739385065886,0.2753351627667735,0.3406873626625754,0.0,0.0,0.1711306256860593,2733,16.428055555555556,0.008659492324763401
representation,B02,0.4396033494406521,2.4692275913998407,1.742467849757202,0.953405017921147,14.201040202103805,2.528250073071248,9.773394413175089,-1.732078241583734,0.5040358744394619,2.182286005131824,4.360639324745789,0.3333333333333333,0.0,0.0534050179211469,1116,5.616944444444444,0.4344255160606127,2.440143988961569,1.5971945339773663,0.9525089605734768,15.736163353747113,2.8015522512976414,11.917883776885304,-1.80340741509462,0.495067264573991,2.165304431325077,4.328903075405657,0.3333333333333333,0.0,0.0525089605734766,1116,5.616944444444444,-0.005177833380039409
representation,B03,0.6916587372047069,2.224259222394137,1.6930783447893971,0.4381107491856677,11.200496143235162,3.4829218377512814,4.289655608888436,-1.5042322799142631,0.464926590538336,3.4582936860235343,6.9165873720470685,0.0,0.0,0.4618892508143323,614,3.2158333333333333,0.3902995043001975,1.255138155912052,0.727573581325345,1.0,6.368282214249185,1.980289882637736,6.368282214249185,-1.5933387866632325,0.466557911908646,1.951497521500988,3.902995043001976,0.0,0.0,0.0999999999999999,614,3.2158333333333333,-0.30135923290450944
representation,B04,0.1433254309711907,0.8165170177189306,0.6370362261861312,1.0,14.055037549371631,2.467118590752249,14.055037549371631,-0.869286440200569,0.4914645103324349,0.1779412254225123,0.2212109684866643,0.0,0.0,0.0999999999999999,1114,5.696944444444444,0.135194869672753,0.7701976616995809,0.5765529557380371,1.0,14.389258827648115,2.525785351774012,14.389258827648115,-1.2573333706778382,0.5004492362982929,0.3791670774186541,0.6841323371010304,0.0,0.0,0.0999999999999999,1114,5.696944444444444,-0.0081305612984377
representation,B08,0.2594307126123097,2.756307193332117,0.8556423541480668,0.6141215106732348,19.549855050850653,1.8400825711948952,6.004882937854242,-0.2921996728834231,0.5027382256297919,0.2725299670896715,0.2889040351863739,0.3333333333333333,0.0,0.2858784893267652,1827,10.624444444444444,0.3224004849450256,3.4253260411603725,1.2493584955116477,0.5987958401751505,18.36296178435352,1.7283691284164575,6.4335933881971,-0.2288444881096727,0.5191675794085433,0.3269070302649594,0.3325402119148766,0.0,0.0,0.3012041598248495,1827,10.624444444444444,0.06296977233271589
representation,B10,0.2937860520872283,5.580710881106976,2.539482003830269,0.3166873449131513,66.20815296749176,3.485403972844488,5.93563745460232,-0.2920984316626588,0.500465404902265,0.3026908617451441,0.313821873817539,0.0,0.0,0.5833126550868486,3224,18.995833333333334,0.3056300808070494,5.80569807666391,2.466293495961897,0.2819478908188585,81.42143760918985,4.286278794956255,4.597122226642277,-0.2565836765641783,0.4880546075085324,0.3090853344229168,0.313404401442751,0.3333333333333333,0.0,0.6180521091811415,3224,18.995833333333334,0.011844028719821098
representation,B11,0.292499717982794,2.5861037565762084,1.2233081051851855,1.0,12.311470894203788,1.3924815488747255,12.311470894203788,-1.5867802303672431,0.4918032786885246,1.420971352294006,2.8315608951830207,0.3333333333333333,0.0,0.0999999999999999,1953,8.841388888888888,0.1133220286996065,1.001924125411049,0.9021985186150878,1.0,12.88051949564255,1.4568434504481191,12.88051949564255,-1.0608381834196556,0.4969262295081967,0.4810067208560108,0.9406125860515164,0.3333333333333333,0.0,0.0999999999999999,1953,8.841388888888888,-0.1791776892831875
representation,B12,0.4907207421137784,1.2513378923901348,0.4317312742701188,0.8956975228161669,13.311514574978558,5.220201794109239,3.7319672248409392,-2.8339906681456544,0.4934725848563969,1.9213093937594117,3.709545208316453,0.0,0.0013071895424835,0.0043024771838331,767,2.55,0.5550126337471347,1.4152822160551934,0.4289552720130548,0.847457627118644,13.253411187663769,5.197416152025008,3.2514936946897004,-2.938011552407128,0.4921671018276762,2.6901928827187387,5.359168193933243,0.0,0.0,0.0525423728813559,767,2.55,0.0642918916333563
representation,B17,0.1734729058902953,2.849822535349433,1.802913432470311,0.3084522502744237,22.65648826580612,1.3791338962293844,4.274673847543724,-0.7486839658340778,0.4923133235724743,0.1786792341399868,0.1851871444521011,0.0,0.0,0.5915477497255763,2733,16.428055555555556,0.242259401554044,3.979850907585478,1.5841621282397915,0.7753384559092572,17.68132123299787,1.0762881324088591,10.51632622669629,-0.3897341673365215,0.5018301610541728,0.2561640481444949,0.2735448563825585,0.0,0.0,0.1246615440907428,2733,16.428055555555556,0.0687864956637487
standard_boosting,B02,0.8292828012868526,4.658035423561513,3.953142735107054,0.9032258064516128,13.085193666663324,2.32959285890846,12.191542157965095,-1.693679615146562,0.2538116591928251,4.141542181792645,8.281866407424888,0.0,0.0,0.0032258064516128,1116,5.616944444444444,0.9903292036671414,5.56262411870924,4.95463644805898,0.3763440860215054,24.9102822519269,4.434845759702134,10.78018510840942,-1.6301576825051785,0.2394618834080717,4.951646018335707,9.903292036671417,0.0,0.0,0.5236559139784946,1116,5.616944444444444,0.16104640238028878
standard_boosting,B03,1.0915135063969557,3.5101255176548767,3.1332282556771944,0.8338762214983714,11.96313570824155,3.720073296162182,9.604428530567704,-1.5660545442090448,0.3050570962479608,5.456689647441847,10.91315982374796,0.0,0.0,0.0661237785016286,614,3.2158333333333333,1.217620941856734,3.915666012187614,3.1597153045256863,0.9478827361563518,13.100703781882736,4.073813044379188,12.92969700894334,-2.0118161808556367,0.4029363784665579,6.08771846708864,12.175340373628526,0.0,0.0,0.0478827361563517,614,3.2158333333333333,0.12610743545977843
standard_boosting,B04,0.0595481828559323,0.3392426894978657,0.3300192856150455,1.0,15.741203385600905,2.763095820769577,15.741203385600905,-1.0894510128531472,0.2758310871518418,0.1635316230557098,0.2935109233054316,0.6666666666666666,0.0,0.0999999999999999,1114,5.696944444444444,0.0978975995900689,0.5577171861090902,0.5474909903192188,1.0,15.699201316694989,2.755723084504459,15.699201316694989,-1.106060074926931,0.2964959568733153,0.2875066680486746,0.5245180036219318,0.3333333333333333,0.0,0.0999999999999999,1114,5.696944444444444,0.038349416734136596
standard_boosting,B08,0.3565707942729502,3.788366594264389,1.2978072967359684,0.5270935960591133,25.58185361502473,2.407829769245164,5.898575556586239,-0.1049726313667085,0.3587075575027382,0.3668557473354984,0.3797119386636835,0.3333333333333333,0.0,0.3729064039408867,1827,10.624444444444444,0.331692559165176,3.5240491674860146,1.2282544262472317,0.7022441160372195,14.413859774366994,1.3566695039667742,7.195758443351831,-0.1871475186352829,0.3970427163198247,0.3354358452608318,0.3401149528804016,0.0,0.0,0.1977558839627805,1827,10.624444444444444,-0.024878235107774205
standard_boosting,B10,0.2571606659782114,4.884981150811107,1.628902279273153,0.6830024813895782,26.46007308633372,1.392940895091049,11.759740528547884,-0.2744535422076518,0.3456407074154514,0.2750503258282477,0.2974124006407931,0.6666666666666666,0.0,0.2169975186104218,3224,18.995833333333334,0.2433676968152223,4.622972207419162,1.231174084931637,0.5623449131513648,44.1162254149189,2.322415902518214,8.848929897880861,-0.2048987182069528,0.3717033819422898,0.2856320455638375,0.3384624814996064,0.6666666666666666,0.0,0.3376550868486352,3224,18.995833333333334,-0.01379296916298911
standard_boosting,B11,0.6085352078598011,5.380296425269335,8.085156368354436,0.4423963133640553,63.31089815317359,7.160741253304375,7.809848547022208,0.0812154249569297,0.1403688524590164,3.0387420756244072,6.076500660330165,0.0,0.0,0.4576036866359447,1953,8.841388888888888,0.5631283587752691,4.9788368142939,7.235469733287381,0.4429083461341526,51.55592233227766,5.831201746715247,8.169665144027903,-0.1155331557094996,0.2151639344262295,2.8156417938763463,5.6312835877526926,0.0,0.0,0.4570916538658474,1953,8.841388888888888,-0.045406849084531964
standard_boosting,B12,1.0302392561941305,2.6271101032950326,1.4722247581732777,0.4211212516297262,21.10919379626113,8.278115214220051,4.135583812290796,-2.774428174771169,0.1462140992167102,5.151196280970653,10.302392561941303,0.0,0.0,0.4788787483702738,767,2.55,0.8338619918772188,2.126348079286908,1.0917359903159771,0.6870925684485006,15.705482526218251,6.159012755379708,4.1993822994780805,-2.766011980243067,0.2454308093994778,4.169309959386093,8.338619918772187,0.0,0.0,0.2129074315514993,767,2.55,-0.19637726431691171
standard_boosting,B17,0.1822130975332102,2.99340688922544,1.039137104416652,0.7131357482619831,20.98481390903462,1.277376609670527,8.175452439320491,-0.3749782341116659,0.2386530014641288,0.2816826406144647,0.4060195694660329,0.6666666666666666,0.0,0.1868642517380169,2733,16.428055555555556,0.1678489993916864,2.757432686951036,1.436556261698746,0.8393706549579217,14.206867190406108,0.8647929843164976,10.340724788208254,-0.4184188481151786,0.2748901903367496,0.3260274405757178,0.523750492055757,0.6666666666666666,0.0,0.0606293450420782,2733,16.428055555555556,-0.014364098141523785
subspace_ridge,B02,0.6273670310687842,3.5238857597894127,4.33253431001363,0.696236559139785,16.401321822140986,2.919972234790938,9.952748676223791,-0.7599054673670115,0.4852017937219731,3.130947913839418,6.260424017302712,0.0,0.0,0.203763440860215,1116,5.616944444444444,0.8525924898291719,4.788964649121024,5.980296577479487,0.8207885304659498,16.09819964527147,2.8660065636208545,13.32096078439078,-0.3685134989541713,0.4977578475336323,4.26296244914586,8.52592489829172,0.0,0.0,0.0792114695340502,1116,5.616944444444444,0.2252254587603877
subspace_ridge,B03,0.436757940985812,1.4045407452202072,0.9047230448717676,1.0,5.670181188926772,1.76320741816847,5.670181188926772,-1.4980637285982037,0.4567699836867863,2.169910675436967,4.33635159350091,0.0,0.0,0.0999999999999999,614,3.2158333333333333,2.1806027258888565,7.012454932670914,7.16277929183879,0.1986970684039088,34.61920432986971,10.765235863136471,12.453172975735717,-0.5143835765995411,0.497553017944535,10.875881877793104,21.74498081767341,0.0,0.0,0.7013029315960913,614,3.2158333333333333,1.7438447849030445
subspace_ridge,B04,0.1612474539900472,0.9186177871894108,1.0199115691443648,1.0,14.957437506454127,2.625519285349596,14.957437506454127,-0.9341449879739432,0.4123989218328841,0.2506966584782942,0.362508164088603,0.0,0.0,0.0999999999999999,1114,5.696944444444444,0.1436282672414926,0.8182422591266035,0.9295671798191768,1.0,15.456497566112356,2.7131206415722118,15.456497566112356,-0.9160839420424244,0.4231805929919137,0.2384150164996769,0.3568984530724074,0.6666666666666666,0.0,0.0999999999999999,1114,5.696944444444444,-0.01761918674855459
subspace_ridge,B08,0.2354152463736697,2.5011562064722552,1.3559062419561252,0.7755883962780514,9.655752508514478,0.9088242269047302,6.318407318631981,-0.574820029891889,0.3986856516976998,0.2365537088051419,0.2379767868444821,0.0,0.0,0.1244116037219486,1827,10.624444444444444,0.2760911696273524,2.933315293307493,1.916900560051204,0.9961685823754788,9.49362723041946,0.8935645793115996,9.425484921225218,-0.6222277217993695,0.3877327491785323,0.2760911696273524,0.2760911696273524,0.0,0.0,0.0961685823754788,1827,10.624444444444444,0.040675923253682716
subspace_ridge,B10,0.222243164711063,4.221694116323901,2.586918506958357,0.8523573200992556,14.280240562976015,0.7517564674521263,10.450547673135558,-0.6149223604475287,0.425380080670183,0.2223773547717447,0.2225450923475968,0.3333333333333333,0.0,0.0476426799007444,3224,18.995833333333334,0.3262350610271121,6.19710684676085,4.069318198350264,0.2217741935483871,58.28124629424964,3.068106845935493,6.285875562003903,-0.4939564127975998,0.3608439342227738,0.3262350610271121,0.3262350610271121,0.0,0.0,0.6782258064516129,3224,18.995833333333334,0.10399189631604908
subspace_ridge,B11,0.4333026197125382,3.830996967452883,2.41747369940355,1.0,18.35166922197651,2.075654566562425,18.35166922197651,-1.6008166278338465,0.4513319672131147,2.1573327825707387,4.3123704861434895,0.0,0.0,0.0999999999999999,1953,8.841388888888888,0.9688550066249636,8.566023890518323,8.300653905214228,0.9994879672299029,23.820136226039885,2.6941622549795343,23.817748549700063,-1.0828507988866265,0.4851434426229508,4.844275033124818,9.688550066249636,0.0,0.0,0.0994879672299027,1953,8.841388888888888,0.5355523869124255
subspace_ridge,B12,1.770945272471485,4.515910444802286,3.5151738445901097,0.0234680573663624,47.88247471452748,18.777441064520584,4.723483987210972,-2.7387750898587164,0.4765013054830287,8.854726362357425,17.70945272471485,0.0,0.0,0.8765319426336375,767,2.55,1.5796987741264503,4.028231874022448,2.641482479346096,0.0821382007822685,48.21181615877649,18.906594572069213,3.6484833168292585,-3.324785929988214,0.4673629242819843,7.898493870632252,15.796987741264504,0.0,0.0,0.8178617992177315,767,2.55,-0.1912464983450346
subspace_ridge,B17,0.2773790834962518,4.556798993625508,5.275013459431167,0.1350164654226125,40.68369440743007,2.4764765537740017,5.82849474378327,-0.8811922428103757,0.4871888726207906,1.3868954174812589,2.7737908349625178,0.0,0.0,0.7649835345773875,2733,16.428055555555556,0.0971888249158353,1.596623415096505,1.5945687314354051,0.9926820343944384,10.06531465692349,0.6126905660189136,9.549820295884828,-0.6990792790489795,0.4886530014641288,0.2652663872287407,0.4753633401198723,0.3333333333333333,0.0,0.0926820343944383,2733,16.428055555555556,-0.18019025858041648
tcn,B02,0.4949357270109555,2.7800264821912584,2.6248396673927985,0.9811827956989247,11.117003275898746,1.979190534258221,11.045664645074371,-1.4845796490429104,0.4959641255605381,2.4135867058998963,4.811900429511072,0.0,0.0,0.0811827956989247,1116,5.616944444444444,0.56837321254989,3.192520758603146,2.822560698644033,0.996415770609319,12.486693056207686,2.223040156389282,12.47527949189068,-1.482999774922399,0.4887892376681614,2.8248733291141845,5.645498474819552,0.0,0.0,0.0964157706093189,1116,5.616944444444444,0.07343748553893453
tcn,B03,0.5641610825709968,1.8142480147012303,1.448062932294481,0.9543973941368078,5.547869416822809,1.7251731796287562,5.399000466913289,-1.3003910406779198,0.4861337683523654,2.8205396181969817,5.641012787729461,0.0,0.0,0.0543973941368077,614,3.2158333333333333,0.2814976133998136,0.9052494084249004,0.5298375746027596,0.977198697068404,4.83314313021806,1.5029209008192983,4.758866881213355,-1.5061200957132694,0.466557911908646,1.4061450319589637,2.8119543051579017,0.3333333333333333,0.0,0.0771986970684038,614,3.2158333333333333,-0.28266346917118323
tcn,B04,0.1878363963068103,1.070093514404548,0.371326112189781,1.0,12.43273598833034,2.182351628942865,12.43273598833034,-0.4593637118384562,0.4995507637017071,0.3059513967764558,0.4535951473635126,0.0,0.0,0.0999999999999999,1114,5.696944444444444,0.1122280230176129,0.6393568122411731,0.5683021425648825,1.0,14.64456337387792,2.5705996462996983,14.64456337387792,-0.9959180110541151,0.5130278526504941,0.5024546905823106,0.9902380250381828,0.3333333333333333,0.0,0.0999999999999999,1114,5.696944444444444,-0.0756083732891974
tcn,B08,0.2521437158296381,2.6788869008477776,0.7571578966630078,0.5774493705528189,23.052820325384737,2.16979066020145,5.304397495000985,-0.2810291440571136,0.5016429353778752,0.266527438806707,0.284507092528043,0.0,0.0,0.3225506294471811,1827,10.624444444444444,0.3289209132368054,3.494601969300371,1.3083516427254542,0.5473453749315819,22.60584355481244,2.12772005849521,5.873947975538588,-0.228676377456134,0.5038335158817087,0.3316912118307083,0.3351540850730868,0.0,0.0,0.3526546250684181,1827,10.624444444444444,0.07677719740716726
tcn,B10,0.2595735951425978,4.930816751062931,2.3219538979777514,0.5155086848635235,32.734979316867125,1.7232715586857008,8.99516044390048,-0.4247726215658776,0.5001551349674217,0.2596631349259765,0.2597750596551998,0.0,0.0,0.3844913151364765,3224,18.995833333333334,0.3315039514834021,6.297193811720126,3.6161385394998127,0.565136476426799,27.08395250623066,1.425783856436797,10.36760336058688,-0.4025781200520406,0.4880546075085324,0.3315039586854033,0.3315039676879049,0.0,0.0,0.334863523573201,3224,18.995833333333334,0.0719303563408043
tcn,B11,0.4495182818551458,3.9743659425465103,0.8107797288957057,0.6344086021505376,43.893351909081765,4.96453130392706,6.838362664500769,-2.364529276899804,0.4948770491803279,2.027711992928572,4.000454131770355,0.0,0.0,0.2655913978494624,1953,8.841388888888888,0.3650351697613128,3.22741789398134,2.059430654568281,1.0,13.009355246445184,1.4714153409533024,13.009355246445184,-1.49845650148979,0.4907786885245901,1.8248830975789945,3.649693007351096,0.0,0.0,0.0999999999999999,1953,8.841388888888888,-0.08448311209383302
tcn,B12,0.4981811745992223,1.2703619952280167,0.3880556461151725,0.8904823989569752,14.704993068460814,5.766663948416006,3.915577393826597,-3.0027065879482358,0.4751958224543081,2.222503261719514,4.377905870619879,0.0,0.0,0.0095176010430247,767,2.55,0.7483255999454629,1.90823027986093,0.4953172819495212,0.5228161668839635,19.13261486333565,7.502986220915943,3.040505363408083,-3.57862440251508,0.4765013054830287,3.6687729807012017,7.319332206645875,0.0,0.0,0.3771838331160365,767,2.55,0.2501444253462406
tcn,B17,0.3779942253569865,6.209710133843762,3.066892023162112,0.1712403951701427,84.95033481216176,5.171052321127176,4.074219093496872,-0.2401323898095798,0.4941434846266471,0.3783118910299722,0.3787089731212043,0.0,0.0,0.7287596048298574,2733,16.428055555555556,0.3378067950801805,5.549508796621377,2.7050507415158616,0.5642151481888035,31.063319184429,1.8908701081135657,8.917404267325283,-0.3053112360978619,0.4974377745241581,0.338345877586723,0.3390197307199011,0.0,0.0,0.3357848518111965,2733,16.428055555555556,-0.04018743027680599
time_only,B02,0.8914989367489244,5.0075,5.007499999999999,0.0,11.455,2.0393650165669355,9.855000000000002,-1.0000000000000009,0.0,4.457494683744621,8.914989367489243,0.0,0.0,0.9,1116,5.616944444444444,0.8914989367489244,5.0075,5.007499999999999,0.0,11.455,2.0393650165669355,9.855000000000002,-1.0000000000000009,0.0,4.457494683744621,8.914989367489243,0.0,0.0,0.9,1116,5.616944444444444,0.0
time_only,B03,1.749330569232098,5.625555555555555,5.625555555555556,0.0,80.41611111111108,25.006305605942806,3.566111111111113,-0.9999999999999992,0.0,8.746652846160488,17.493305692320977,0.0,0.0,0.9,614,3.2158333333333333,1.749330569232098,5.625555555555555,5.625555555555556,0.0,80.41611111111108,25.006305605942806,3.566111111111113,-0.9999999999999992,0.0,8.746652846160488,17.493305692320977,0.0,0.0,0.9,614,3.2158333333333333,0.0
time_only,B04,0.0139376564809792,0.0794020546578895,0.0787844687753447,1.0,16.188840015958508,2.841670683965607,16.188840015958508,-0.999386795326168,0.0,0.0139376564809792,0.0139376564809792,1.0,0.0,0.0999999999999999,1114,5.696944444444444,0.0139376564809792,0.0794020546578895,0.0787844687753447,1.0,16.188840015958508,2.841670683965607,16.188840015958508,-0.999386795326168,0.0,0.0139376564809792,0.0139376564809792,1.0,0.0,0.0999999999999999,1114,5.696944444444444,0.0
time_only,B08,0.3615856020804848,3.8416461412151066,2.66939352360044,0.2999452654625068,26.388581615277012,2.4837610807100305,4.44781350726753,-0.5464774530617951,0.0,0.3615856020804848,0.3615856020804848,0.0,0.0,0.6000547345374931,1827,10.624444444444444,0.3615856020804848,3.8416461412151066,2.66939352360044,0.2999452654625068,26.388581615277012,2.4837610807100305,4.44781350726753,-0.5464774530617951,0.0,0.3615856020804848,0.3615856020804848,0.0,0.0,0.6000547345374931,1827,10.624444444444444,0.0
time_only,B10,0.4463707613676834,8.47918458781362,4.744403144151347,0.1715260545905707,115.80707644058448,6.096446226308461,3.760517645437,-0.199321437052419,0.0,0.4463707613676834,0.4463707613676834,0.0,0.0,0.7284739454094293,3224,18.995833333333334,0.4463707613676834,8.47918458781362,4.744403144151347,0.1715260545905707,115.80707644058448,6.096446226308461,3.760517645437,-0.1993214370524191,0.0,0.4463707613676834,0.4463707613676834,0.0,0.0,0.7284739454094293,3224,18.995833333333334,0.0
time_only,B11,0.2916840064298407,2.5788917335153894,2.0150738468529874,1.0,12.56185711441088,1.4208013324917268,12.56185711441088,-0.7093394434485643,0.0,0.2916840064298407,0.2916840064298407,0.0,0.0,0.0999999999999999,1953,8.841388888888888,0.2916840064298407,2.5788917335153894,2.0150738468529874,1.0,12.56185711441088,1.4208013324917268,12.56185711441088,-0.7093394434485643,0.0,0.2916840064298407,0.2916840064298407,0.0,0.0,0.0999999999999999,1953,8.841388888888888,0.0
time_only,B12,2.467211328976035,6.291388888888889,6.291388888888888,0.0,67.78777777777779,26.583442265795213,6.448888888888888,-1.0000000000000022,0.0,12.336056644880175,24.672113289760357,0.0,0.0,0.9,767,2.55,2.467211328976035,6.291388888888889,6.291388888888888,0.0,67.78777777777779,26.583442265795213,6.448888888888888,-1.0000000000000022,0.0,12.336056644880175,24.672113289760357,0.0,0.0,0.9,767,2.55,0.0
time_only,B17,0.3554646327520828,5.839592734886369,4.091239832438588,0.341017197219173,31.17412001463594,1.8976147182612637,7.693541082245803,-0.5580620567001022,0.0,0.3554646327520828,0.3554646327520828,0.0,0.0,0.558982802780827,2733,16.428055555555556,0.3554646327520828,5.839592734886369,4.091239832438588,0.341017197219173,31.17412001463594,1.8976147182612637,7.693541082245803,-0.5580620567001022,0.0,0.3554646327520828,0.3554646327520828,0.0,0.0,0.558982802780827,2733,16.428055555555556,0.0
