model,nMAE_v2,nMAE_v3,delta_v3_minus_v2,CI_low,CI_high,improved_bearings,independent_bearings,inference
attention,0.3204598011622752,0.3416353447236865,0.02117554356141131,-0.0712988608465516,0.11244750100784145,4,8,descriptive paired bootstrap conditional on the fits; follow-up prompted by v2 results
context_only,0.6951368128603175,0.6951368128603175,0.0,0.0,0.0,0,8,descriptive paired bootstrap conditional on the fits; follow-up prompted by v2 results
custom_boosting,0.5782405917714615,0.5691759646898141,-0.009064627081647327,-0.10736961475641,0.07893350795719227,3,8,descriptive paired bootstrap conditional on the fits; follow-up prompted by v2 results
degradation,2.410562648418937,2.410562648418937,-2.0816681711721685e-16,-6.661338147750939e-16,4.163336342344337e-17,1,8,descriptive paired bootstrap conditional on the fits; follow-up prompted by v2 results
elapsed_clock,0.5006064981484507,0.5006064981484507,0.0,0.0,0.0,0,8,descriptive paired bootstrap conditional on the fits; follow-up prompted by v2 results
random_forest,0.4530993173722299,0.4568249451725767,0.003725627800346727,-0.034829809876306676,0.048078586268311775,5,8,descriptive paired bootstrap conditional on the fits; follow-up prompted by v2 results
representation,0.34806220603786947,0.31231806497330294,-0.03574414106456651,-0.12780545795401943,0.03987336951811079,4,8,descriptive paired bootstrap conditional on the fits; follow-up prompted by v2 results
standard_boosting,0.5518829390472555,0.5557184188923147,0.0038354798450591296,-0.06846023196857566,0.07425048827105285,5,8,descriptive paired bootstrap conditional on the fits; follow-up prompted by v2 results
subspace_ridge,0.5205822266012063,0.8031115399101543,0.282529313308948,-0.03643648219013675,0.7413306235144612,3,8,descriptive paired bootstrap conditional on the fits; follow-up prompted by v2 results
tcn,0.3855430248340441,0.38421140980931,-0.0013316150247341188,-0.10561153052997417,0.09984565625894987,4,8,descriptive paired bootstrap conditional on the fits; follow-up prompted by v2 results
time_only,0.8221354367585161,0.8221354367585161,0.0,0.0,0.0,0,8,descriptive paired bootstrap conditional on the fits; follow-up prompted by v2 results
