bearing_id,quantity,threshold,crossed,crossing_count,first_crossing_elapsed_hours,first_crossing_remaining_hours,interpretation
B01,ep_temperature_max_C,110,True,173,0.4319444444444444,1.7786111111111116,acquisition mean/RMS and common candidate limits; not reconstruction of controller filtering/persistence
B01,A_rms_g,6,True,30,1.3716666666666666,0.8388888888888895,acquisition mean/RMS and common candidate limits; not reconstruction of controller filtering/persistence
B01,A_rms_g,8,True,14,2.1219444444444444,0.08861111111111164,acquisition mean/RMS and common candidate limits; not reconstruction of controller filtering/persistence
B01,A_rms_g,10,True,7,2.1319444444444446,0.07861111111111141,acquisition mean/RMS and common candidate limits; not reconstruction of controller filtering/persistence
B01,C_rms_g,6,True,11,2.1319444444444446,0.07861111111111141,acquisition mean/RMS and common candidate limits; not reconstruction of controller filtering/persistence
B01,C_rms_g,8,True,1,2.174166666666667,0.03638888888888925,acquisition mean/RMS and common candidate limits; not reconstruction of controller filtering/persistence
B01,C_rms_g,10,False,0,,,acquisition mean/RMS and common candidate limits; not reconstruction of controller filtering/persistence
B02,ep_temperature_max_C,110,False,0,,,acquisition mean/RMS and common candidate limits; not reconstruction of controller filtering/persistence
B02,A_rms_g,6,True,33,4.465,1.1519444444444442,acquisition mean/RMS and common candidate limits; not reconstruction of controller filtering/persistence
B02,A_rms_g,8,False,0,,,acquisition mean/RMS and common candidate limits; not reconstruction of controller filtering/persistence
B02,A_rms_g,10,False,0,,,acquisition mean/RMS and common candidate limits; not reconstruction of controller filtering/persistence
B02,C_rms_g,6,False,0,,,acquisition mean/RMS and common candidate limits; not reconstruction of controller filtering/persistence
B02,C_rms_g,8,False,0,,,acquisition mean/RMS and common candidate limits; not reconstruction of controller filtering/persistence
B02,C_rms_g,10,False,0,,,acquisition mean/RMS and common candidate limits; not reconstruction of controller filtering/persistence
B03,ep_temperature_max_C,110,True,3,3.205277777777778,0.01055555555555543,acquisition mean/RMS and common candidate limits; not reconstruction of controller filtering/persistence
B03,A_rms_g,6,True,13,3.029166666666667,0.18666666666666654,acquisition mean/RMS and common candidate limits; not reconstruction of controller filtering/persistence
B03,A_rms_g,8,True,2,3.143611111111111,0.07222222222222241,acquisition mean/RMS and common candidate limits; not reconstruction of controller filtering/persistence
B03,A_rms_g,10,False,0,,,acquisition mean/RMS and common candidate limits; not reconstruction of controller filtering/persistence
B03,C_rms_g,6,False,0,,,acquisition mean/RMS and common candidate limits; not reconstruction of controller filtering/persistence
B03,C_rms_g,8,False,0,,,acquisition mean/RMS and common candidate limits; not reconstruction of controller filtering/persistence
B03,C_rms_g,10,False,0,,,acquisition mean/RMS and common candidate limits; not reconstruction of controller filtering/persistence
B04,ep_temperature_max_C,110,False,0,,,acquisition mean/RMS and common candidate limits; not reconstruction of controller filtering/persistence
B04,A_rms_g,6,True,46,4.904722222222222,0.7922222222222217,acquisition mean/RMS and common candidate limits; not reconstruction of controller filtering/persistence
B04,A_rms_g,8,True,3,5.385833333333333,0.3111111111111109,acquisition mean/RMS and common candidate limits; not reconstruction of controller filtering/persistence
B04,A_rms_g,10,False,0,,,acquisition mean/RMS and common candidate limits; not reconstruction of controller filtering/persistence
B04,C_rms_g,6,False,0,,,acquisition mean/RMS and common candidate limits; not reconstruction of controller filtering/persistence
B04,C_rms_g,8,False,0,,,acquisition mean/RMS and common candidate limits; not reconstruction of controller filtering/persistence
B04,C_rms_g,10,False,0,,,acquisition mean/RMS and common candidate limits; not reconstruction of controller filtering/persistence
B05,ep_temperature_max_C,110,False,0,,,acquisition mean/RMS and common candidate limits; not reconstruction of controller filtering/persistence
B05,A_rms_g,6,True,1,2.8091666666666666,0.07888888888888923,acquisition mean/RMS and common candidate limits; not reconstruction of controller filtering/persistence
B05,A_rms_g,8,False,0,,,acquisition mean/RMS and common candidate limits; not reconstruction of controller filtering/persistence
B05,A_rms_g,10,False,0,,,acquisition mean/RMS and common candidate limits; not reconstruction of controller filtering/persistence
B05,C_rms_g,6,False,0,,,acquisition mean/RMS and common candidate limits; not reconstruction of controller filtering/persistence
B05,C_rms_g,8,False,0,,,acquisition mean/RMS and common candidate limits; not reconstruction of controller filtering/persistence
B05,C_rms_g,10,False,0,,,acquisition mean/RMS and common candidate limits; not reconstruction of controller filtering/persistence
B08,ep_temperature_max_C,110,True,3,10.612222222222222,0.012222222222222356,acquisition mean/RMS and common candidate limits; not reconstruction of controller filtering/persistence
B08,A_rms_g,6,True,45,9.10777777777778,1.516666666666664,acquisition mean/RMS and common candidate limits; not reconstruction of controller filtering/persistence
B08,A_rms_g,8,True,2,9.740833333333333,0.8836111111111116,acquisition mean/RMS and common candidate limits; not reconstruction of controller filtering/persistence
B08,A_rms_g,10,False,0,,,acquisition mean/RMS and common candidate limits; not reconstruction of controller filtering/persistence
B08,C_rms_g,6,False,0,,,acquisition mean/RMS and common candidate limits; not reconstruction of controller filtering/persistence
B08,C_rms_g,8,False,0,,,acquisition mean/RMS and common candidate limits; not reconstruction of controller filtering/persistence
B08,C_rms_g,10,False,0,,,acquisition mean/RMS and common candidate limits; not reconstruction of controller filtering/persistence
B10,ep_temperature_max_C,110,False,0,,,acquisition mean/RMS and common candidate limits; not reconstruction of controller filtering/persistence
B10,A_rms_g,6,True,34,17.968888888888888,1.026944444444446,acquisition mean/RMS and common candidate limits; not reconstruction of controller filtering/persistence
B10,A_rms_g,8,True,1,18.94861111111112,0.04722222222221362,acquisition mean/RMS and common candidate limits; not reconstruction of controller filtering/persistence
B10,A_rms_g,10,False,0,,,acquisition mean/RMS and common candidate limits; not reconstruction of controller filtering/persistence
B10,C_rms_g,6,False,0,,,acquisition mean/RMS and common candidate limits; not reconstruction of controller filtering/persistence
B10,C_rms_g,8,False,0,,,acquisition mean/RMS and common candidate limits; not reconstruction of controller filtering/persistence
B10,C_rms_g,10,False,0,,,acquisition mean/RMS and common candidate limits; not reconstruction of controller filtering/persistence
B11,ep_temperature_max_C,110,False,0,,,acquisition mean/RMS and common candidate limits; not reconstruction of controller filtering/persistence
B11,A_rms_g,6,False,0,,,acquisition mean/RMS and common candidate limits; not reconstruction of controller filtering/persistence
B11,A_rms_g,8,False,0,,,acquisition mean/RMS and common candidate limits; not reconstruction of controller filtering/persistence
B11,A_rms_g,10,False,0,,,acquisition mean/RMS and common candidate limits; not reconstruction of controller filtering/persistence
B11,C_rms_g,6,True,19,4.437777777777778,4.40361111111111,acquisition mean/RMS and common candidate limits; not reconstruction of controller filtering/persistence
B11,C_rms_g,8,True,2,8.637222222222222,0.20416666666666572,acquisition mean/RMS and common candidate limits; not reconstruction of controller filtering/persistence
B11,C_rms_g,10,False,0,,,acquisition mean/RMS and common candidate limits; not reconstruction of controller filtering/persistence
B12,ep_temperature_max_C,110,False,0,,,acquisition mean/RMS and common candidate limits; not reconstruction of controller filtering/persistence
B12,A_rms_g,6,True,1,2.2469444444444444,0.3030555555555554,acquisition mean/RMS and common candidate limits; not reconstruction of controller filtering/persistence
B12,A_rms_g,8,False,0,,,acquisition mean/RMS and common candidate limits; not reconstruction of controller filtering/persistence
B12,A_rms_g,10,False,0,,,acquisition mean/RMS and common candidate limits; not reconstruction of controller filtering/persistence
B12,C_rms_g,6,True,40,1.863055555555556,0.6869444444444439,acquisition mean/RMS and common candidate limits; not reconstruction of controller filtering/persistence
B12,C_rms_g,8,True,5,2.2469444444444444,0.3030555555555554,acquisition mean/RMS and common candidate limits; not reconstruction of controller filtering/persistence
B12,C_rms_g,10,False,0,,,acquisition mean/RMS and common candidate limits; not reconstruction of controller filtering/persistence
B17,ep_temperature_max_C,110,False,0,,,acquisition mean/RMS and common candidate limits; not reconstruction of controller filtering/persistence
B17,A_rms_g,6,True,1,16.428055555555556,0.0,acquisition mean/RMS and common candidate limits; not reconstruction of controller filtering/persistence
B17,A_rms_g,8,False,0,,,acquisition mean/RMS and common candidate limits; not reconstruction of controller filtering/persistence
B17,A_rms_g,10,False,0,,,acquisition mean/RMS and common candidate limits; not reconstruction of controller filtering/persistence
B17,C_rms_g,6,True,16,13.24,3.1880555555555556,acquisition mean/RMS and common candidate limits; not reconstruction of controller filtering/persistence
B17,C_rms_g,8,True,2,16.42222222222222,0.005833333333335133,acquisition mean/RMS and common candidate limits; not reconstruction of controller filtering/persistence
B17,C_rms_g,10,True,1,16.428055555555556,0.0,acquisition mean/RMS and common candidate limits; not reconstruction of controller filtering/persistence
