macro,data_value,printed_value,source
BestError,0.3123180649733029,0.312,aggregate CSV read in build_revision.py
OldError,0.3480622060378694,0.348,aggregate CSV read in build_revision.py
BestHourError,2.511695146681151,2.51,aggregate CSV read in build_revision.py
BestLateError,1.1915361226727783,1.19,aggregate CSV read in build_revision.py
ClockLateError,3.8154174075328937,3.82,aggregate CSV read in build_revision.py
ClockError,0.8221354367585161,0.822,aggregate CSV read in build_revision.py
ElapsedError,0.5006064981484507,0.501,aggregate CSV read in build_revision.py
BestSlope,-1.1590857770487468,-1.16,aggregate CSV read in build_revision.py
BestCoverage,0.8070060968244234,0.807,aggregate CSV read in build_revision.py
WorstCoverage,0.2819478908188585,0.282,aggregate CSV read in build_revision.py
BestCount,2.0,2,aggregate CSV read in build_revision.py
PairDelta,-0.0357441410645665,-0.036,aggregate CSV read in build_revision.py
PairLow,-0.1278054579540194,-0.128,aggregate CSV read in build_revision.py
PairHigh,0.0398733695181107,0.040,aggregate CSV read in build_revision.py
CompetingError,0.4095483998717062,0.410,aggregate CSV read in build_revision.py
ThresholdError,1.1801688893799889,1.180,aggregate CSV read in build_revision.py
DegradationError,2.4105626484189364,2.411,aggregate CSV read in build_revision.py
TcnError,0.38421140980931,0.384,aggregate CSV read in build_revision.py
AttentionError,0.3416353447236865,0.342,aggregate CSV read in build_revision.py
RankHour,0.5743,0.57,aggregate CSV read in build_revision.py
RankNorm,0.6546,0.65,aggregate CSV read in build_revision.py
RankOther,0.4833,0.48,aggregate CSV read in build_revision.py
PointLoss,5.065489725116908,5.07,aggregate CSV read in build_revision.py
PointLate,4.0,4,aggregate CSV read in build_revision.py
LowerLoss,0.8039267777759153,0.80,aggregate CSV read in build_revision.py
LowerUnused,0.8039267777759153,0.804,aggregate CSV read in build_revision.py
AlwaysLoss,0.8278218433510462,0.83,aggregate CSV read in build_revision.py
SeedTwo,0.3251641953230064,0.325,aggregate CSV read in build_revision.py
SeedThree,0.3186235571839252,0.319,aggregate CSV read in build_revision.py
ErrorBthree,0.3902995043001975,0.390,aggregate CSV read in build_revision.py
ErrorBtwelve,0.5550126337471347,0.555,aggregate CSV read in build_revision.py
CoverageBten,0.2819478908188585,0.282,aggregate CSV read in build_revision.py
CoverageBtwelve,0.847457627118644,0.847,aggregate CSV read in build_revision.py
MissCount,6.0,6,aggregate CSV read in build_revision.py
SeedTwoCount,4.0,4,aggregate CSV read in build_revision.py
SeedThreeCount,1.0,1,aggregate CSV read in build_revision.py
ContextError,0.6951368128603175,0.695,aggregate CSV read in build_revision.py
TemperatureContextError,0.8616985389940467,0.862,aggregate CSV read in build_revision.py
RidgeError,0.8031115399101544,0.803,aggregate CSV read in build_revision.py
RankTop,0.6666,0.67,aggregate CSV read in build_revision.py
VibRankNorm,0.719,0.72,aggregate CSV read in build_revision.py
VibRankAsym,0.8591,0.86,aggregate CSV read in build_revision.py
VibRankHorizon,0.7097714285714286,0.71,aggregate CSV read in build_revision.py
BestErrorLow,0.2168736056156033,0.217,aggregate CSV read in build_revision.py
BestErrorHigh,0.4094056345317916,0.409,aggregate CSV read in build_revision.py
