bearing_id,records,first_timestamp,last_timestamp,duration_hours,event_observed,reason,postmortem_defect,median_gap_seconds,max_gap_seconds,raw_fs_Hz,index_timestamp_alignment,endpoint
B01,377,2021-10-19T08:46:54,2021-10-19T10:59:32,2.2105555555555556,False,Endpoint uncertain: no preset criterion and conflicting log/telemetry,IR/OR/B,18.000000000000416,1147.0000000000002,127999.99999938882,PASS,diagnostic only; no failure target
B02,1116,2021-10-25T08:59:35,2021-10-25T14:36:36,5.616944444444444,True,vibration; 0.65 V crossed four times after prior two-crossing stop,IR,17.999999999999616,281.9999999999993,127999.99999938882,PASS,final acquisition of documented completed test
B03,614,2021-11-05T15:10:43,2021-11-05T18:23:40,3.2158333333333333,True,temperature 110 C,IR,18.999999999999773,23.999999999999954,127999.99999938882,PASS,final acquisition of documented completed test
B04,1114,2021-11-17T12:45:09,2021-11-17T18:26:58,5.696944444444444,True,vibration,IR/B,18.000000000002814,24.000000000000554,127999.99999938882,PASS,final acquisition of documented completed test
B05,572,2021-11-22T11:06:32,2021-11-22T13:59:49,2.8880555555555554,False,Deliberately interrupted; log dates inconsistent with telemetry,B,18.000000000000416,24.99999999999991,127999.99999938882,PASS,diagnostic only; no failure target
B08,1827,2022-02-04T14:43:30,2022-02-05T01:20:58,10.624444444444444,True,temperature 110 C,IR/B,19.99999999999993,429.99999999999994,127999.99999938882,PASS,final acquisition of documented completed test
B10,3224,2022-03-04T14:21:51,2022-03-05T09:21:36,18.995833333333334,True,vibration,OR/B,20.000000000003126,1214.0000000000002,63999.99999997863,PASS,final acquisition of documented completed test
B11,1953,2022-08-17T09:26:32,2022-08-17T18:17:01,8.841388888888888,True,vibration,IR/OR/B,15.999999999999304,37.999999999999545,63999.99999997863,PASS,final acquisition of documented completed test
B12,767,2022-08-24T08:49:23,2022-08-24T11:22:23,2.55,True,vibration,IR/B,12.000000000000078,14.00000000000019,63999.99999997863,PASS,final acquisition of documented completed test
B17,2733,2022-11-04T09:02:50,2022-11-05T01:28:31,16.428055555555556,True,vibration,B,21.000000000000085,61.9999999999969,63999.99999997863,PASS,final acquisition of documented completed test
