bearing_id,acquisitions,running_acquisitions,median_measured_to_set_speed,speed_differs_over_2pct,spectral_peak_near_set_speed,spectral_peak_near_measured_speed,median_measured_to_set_static_load,static_load_above_set_max_by_500N,median_measured_to_set_dynamic_load
B01,377,326,1.0029166160717624,29,0.9631901840490797,0.8895705521472392,0.9993822509322398,0,1.0326815950642738
B02,1116,1065,1.0027638945386035,0,0.9849765258215962,0.9849765258215962,0.99380234174704,0,1.0592710122847218
B03,614,614,0.9991567249657411,0,1.0,1.0,0.9931856466157567,0,1.0550897529183632
B04,1114,1064,0.49917665583988424,1114,0.9962406015037594,0.0,0.997031891878348,0,0.5177679193198261
B05,572,523,0.9987481619087691,0,0.9847036328871893,0.9847036328871893,0.9985460032886095,0,0.5062320649663865
B08,1827,1777,1.0012374262803108,0,0.9448508722566122,0.9448508722566122,0.9787821928066585,0,0.976653864824183
B10,3224,3172,1.0006812861733652,2,0.8710592686002522,0.8710592686002522,1.5848305854997937,2287,0.8742620853557035
B11,1953,1953,1.0026996646493227,0,0.6323604710701485,0.6323604710701485,0.9795490042916267,0,0.8572031905
B12,767,767,1.0012436192452414,0,0.8539765319426337,0.8539765319426337,1.0194078398712667,0,0.8724774169999999
B17,2733,2733,1.000468251560463,0,0.9279180387852177,0.9279180387852177,0.9852953699524555,609,0.8184858178333334
