bearing_id,g_per_V,gain_dB,source
B01,10.0,0,data\raw\phme_tvoc\B01\B01\B01_log.pdf
B02,10.0,0,data\raw\phme_tvoc\B02\B02\B02_log.pdf
B03,10.0,0,data\raw\phme_tvoc\B03\B03\B03_log.pdf
B04,10.0,0,data\raw\phme_tvoc\B04\B04\B04_log.pdf
B05,10.0,0,data\raw\phme_tvoc\B05\B05\B05_log.pdf
B08,10.0,0,data\raw\phme_tvoc\B08\B08\B08_log.pdf
B10,10.0,0,data\raw\phme_tvoc\B10\B10\B10_log.pdf
B11,10.0,0,data\raw\phme_tvoc\B11\B11\B11_log.pdf
B12,10.0,0,data\raw\phme_tvoc\B12\B12\B12_log.pdf
B17,10.0,0,data\raw\phme_tvoc\B17\B17\B17_log.pdf
