bearing_id,early_HI_g,late_HI_g,late_to_early_ratio,primary_event
B01,0.1557057025607137,5.009786038365893,32.17471136879169,False
B02,0.3124101516768245,4.7113556507013366,15.08067399671135,True
B03,0.9537433131886776,3.6734992418340298,3.8516644793579875,True
B04,0.3256149672623703,4.8379594937960535,14.857914961561878,True
B05,0.1639404433638973,0.991487191680685,6.047849885826457,False
B08,0.8147075934276001,4.284424746275869,5.258849654574392,True
B10,0.8942763574896047,3.9092142670255,4.37137159479355,True
B11,0.7969390064983728,3.5888362704701136,4.50327596115405,True
B12,0.8298705515565533,4.692859179292344,5.654929157915226,True
B17,1.118763197871859,2.453679205552425,2.193206936213024,True
