model,nMAE,MAE_hours,coverage
attention,0.3287029446759964,3.560538569087763,0.6851962840875038
competing_stop,0.32516969094352843,3.229906236719014,0.7011537308960144
competing_threshold,1.163294118105144,12.970931452142837,0.5684746778543602
context_only,0.6178266122299136,4.950156734249083,0.7474528019178903
custom_boosting,0.41124968388051913,3.6682210212605098,0.7037009289781241
degradation,3.1705661548723127,24.871995312561477,0.8853011687144141
elapsed_clock,0.49880362148062546,5.928980413212134,0.5782888822295476
random_forest,0.36205301531035106,3.427079990976238,0.7209319748276896
representation,0.26474650711040226,2.9108170973201477,0.7027270002996704
standard_boosting,0.4195045194073558,3.76288770673543,0.7096943362301469
subspace_ridge,0.6203897054626926,5.0563972333449225,0.6433922685046449
tcn,0.3475432871977874,3.7574951729410757,0.6504345220257717
temperature_only,0.6606146036888401,5.491606088846111,0.6315552891819
time_only,0.5707026788345907,5.19240121283255,0.3820797123164519
