model,metric,estimate,CI_low,CI_high,draws,independent_units
attention,nMAE,0.33979862400703165,0.2624586793985289,0.42977435860243574,10000,8
context_only,nMAE,0.8554897547405612,0.4032224055358306,1.506876830911224,10000,8
custom_boosting,nMAE,0.539000080562275,0.2979940528117748,0.7985864955212902,10000,8
degradation,nMAE,4.73390404980538,2.117639998143533,7.708707220081542,10000,8
elapsed_clock,nMAE,0.5006064981484508,0.49685316160162485,0.5040832008561273,10000,8
random_forest,nMAE,0.44119606895280716,0.2529604120026902,0.6472640015119612,10000,8
representation,nMAE,0.332712239854974,0.23581039370517287,0.44527846731478987,10000,8
standard_boosting,nMAE,0.5408083787957136,0.30174394768831403,0.7758649382076699,10000,8
subspace_ridge,nMAE,0.5520441574545967,0.2989165292043959,0.9006241279827001,10000,8
tcn,nMAE,0.36843896996675884,0.28177329243627197,0.4591914841586229,10000,8
time_only,nMAE,0.8221354367585161,0.32905795691391526,1.4015006823047225,10000,8
attention,MAE_hours,2.5550288941706025,1.863308639789732,3.2510742069338825,10000,8
context_only,MAE_hours,4.8324176058549,3.4026890501584353,6.381949580011993,10000,8
custom_boosting,MAE_hours,3.3449843430114097,2.477535638750994,4.047470593777813,10000,8
degradation,MAE_hours,25.574645092148153,19.41271665688276,30.488088314076773,10000,8
elapsed_clock,MAE_hours,4.484172227778577,2.666359044124266,6.446869830106996,10000,8
random_forest,MAE_hours,3.2470859533503758,2.0183046838056313,4.368794092068616,10000,8
representation,MAE_hours,2.367489093299805,1.7438257519690712,3.060110778716533,10000,8
standard_boosting,MAE_hours,3.483266157137945,2.3301792509426886,4.58894155158284,10000,8
subspace_ridge,MAE_hours,3.485320573786301,2.3324267660180964,4.667346909780252,10000,8
tcn,MAE_hours,2.6860022749139016,2.0377699246690972,3.3266863429833142,10000,8
time_only,MAE_hours,4.717895212066602,2.9834473391028236,6.2795409635673,10000,8
attention,normalized_interval_score,2.179567786939426,1.597631916135514,2.8258220236156855,10000,8
context_only,normalized_interval_score,5.597798491074423,1.7009098622197665,12.186089797229993,10000,8
custom_boosting,normalized_interval_score,2.6387178208930044,1.987758747652235,3.323436227319047,10000,8
degradation,normalized_interval_score,11.605385651227431,5.823985756125573,18.141822886622236,10000,8
elapsed_clock,normalized_interval_score,3.725978415909549,2.3182874691353574,5.322021151300561,10000,8
random_forest,normalized_interval_score,2.8354012008464204,2.048109863501344,3.7020133662984316,10000,8
representation,normalized_interval_score,2.2949671159724074,1.5423738055608969,3.2479708995978416,10000,8
standard_boosting,normalized_interval_score,3.5841960211004196,2.0982047476273893,5.191286554961896,10000,8
subspace_ridge,normalized_interval_score,3.449089093200791,1.7460421415113023,5.98257561642849,10000,8
tcn,normalized_interval_score,2.7654322556159823,1.976194025409815,3.8205800631518443,10000,8
time_only,normalized_interval_score,8.546175866255256,2.4158910833007927,16.576917625811312,10000,8
attention,interval_score_hours,17.51941118511275,10.73098720852168,26.314427253043362,10000,8
context_only,interval_score_hours,25.31629573774186,13.676478388775951,40.34283908546392,10000,8
custom_boosting,interval_score_hours,19.014521615371073,14.65313406508058,24.590089791683745,10000,8
degradation,interval_score_hours,64.87983349877221,54.30590469695804,73.41189079724688,10000,8
elapsed_clock,interval_score_hours,43.584697281782,12.731776363469644,80.34023553881987,10000,8
random_forest,interval_score_hours,21.037239912540752,14.326500555144188,29.37898925090424,10000,8
representation,interval_score_hours,17.546812191352515,10.470264786133475,28.46074659411513,10000,8
standard_boosting,interval_score_hours,23.76475353699112,15.272879996749255,36.914697517118015,10000,8
subspace_ridge,interval_score_hours,21.796531732067542,13.323822548869565,32.39438611737405,10000,8
tcn,interval_score_hours,20.933708815302715,14.30935328549968,27.719601688483632,10000,8
time_only,interval_score_hours,45.22242051121946,22.126947850356373,71.32491903627277,10000,8
attention,asymmetric_5,1.1157198726421198,0.5056378740313673,1.840170051040781,10000,8
context_only,asymmetric_5,3.9287582419523943,1.4392470241216304,7.362961634863577,10000,8
custom_boosting,asymmetric_5,2.293028607188403,0.8339698169132704,3.8214320026208757,10000,8
degradation,asymmetric_5,23.632222151960693,10.522517723577902,38.54196597445725,10000,8
elapsed_clock,asymmetric_5,1.4978691699635993,1.4858247179283188,1.5081009218188093,10000,8
random_forest,asymmetric_5,1.7593629252827345,0.6364359311793117,3.0110716718163637,10000,8
representation,asymmetric_5,1.1693053323023224,0.4371119040956204,1.941612540329165,10000,8
standard_boosting,asymmetric_5,2.346949607169179,0.8862889151654862,3.727048918677413,10000,8
subspace_ridge,asymmetric_5,2.4719549304618176,0.9950676566075446,4.368789993655544,10000,8
tcn,asymmetric_5,1.272637308706199,0.550448511482346,1.9943197527217675,10000,8
time_only,asymmetric_5,3.376155854237045,0.7275447930942314,6.509436603055257,10000,8
attention,asymmetric_10,2.08562143343598,0.8111140816477812,3.610417419014469,10000,8
context_only,asymmetric_10,7.770343850967185,2.731671708659855,14.690640079860083,10000,8
custom_boosting,asymmetric_10,4.485564265471064,1.5027286961674604,7.607862275193634,10000,8
degradation,asymmetric_10,47.255119779654834,21.030152327698882,77.08353941742688,10000,8
elapsed_clock,asymmetric_10,2.7444475097325345,2.7147132139059242,2.771356258256029,10000,8
random_forest,asymmetric_10,3.407071495695144,1.080370224732286,5.980123017000592,10000,8
representation,asymmetric_10,2.215046697861508,0.6664341399512975,3.813922070074039,10000,8
standard_boosting,asymmetric_10,4.604626142636011,1.5966013442742504,7.434512291839958,10000,8
subspace_ridge,asymmetric_10,4.871843396720844,1.8454728394388389,8.705113391172517,10000,8
tcn,asymmetric_10,2.4028852321305,0.8736492335455569,3.914840591022896,10000,8
time_only,asymmetric_10,6.568681376085205,1.284731628562309,12.881753501453609,10000,8
attention,coverage_error,0.1774360972607173,0.08485741922172584,0.28460843773946515,10000,8
context_only,coverage_error,0.26387530781122404,0.07230977555284916,0.5047677401702133,10000,8
custom_boosting,coverage_error,0.24889128829722362,0.15750326793650216,0.3399530195532985,10000,8
degradation,coverage_error,0.12212551192338315,0.04863239091801512,0.23724106524584523,10000,8
elapsed_clock,coverage_error,0.2577411516770287,0.0843821176969119,0.4437258334765048,10000,8
random_forest,coverage_error,0.24015601796711444,0.13589086572176345,0.3480998872163594,10000,8
representation,coverage_error,0.1829473770776358,0.08576169072284101,0.2943910651628987,10000,8
standard_boosting,coverage_error,0.24796396782792884,0.14244880742515517,0.35315004520512455,10000,8
subspace_ridge,coverage_error,0.2939445261703274,0.1347337667276488,0.48154261958505806,10000,8
tcn,coverage_error,0.24717445531298082,0.13873484192436186,0.34947875514678395,10000,8
time_only,coverage_error,0.5984389353409687,0.3772525425123934,0.8,10000,8
attention,alpha_lambda_accuracy,0.16666666666666666,0.041666666666666664,0.29166666666666663,10000,8
context_only,alpha_lambda_accuracy,0.125,0.0,0.2916666666666667,10000,8
custom_boosting,alpha_lambda_accuracy,0.16666666666666666,0.0,0.3333333333333333,10000,8
degradation,alpha_lambda_accuracy,0.0,0.0,0.0,10000,8
elapsed_clock,alpha_lambda_accuracy,0.3333333333333333,0.3333333333333333,0.3333333333333333,10000,8
random_forest,alpha_lambda_accuracy,0.16666666666666666,0.0,0.3333333333333333,10000,8
representation,alpha_lambda_accuracy,0.24999999999999997,0.08333333333333333,0.45833333333333326,10000,8
standard_boosting,alpha_lambda_accuracy,0.29166666666666663,0.125,0.45833333333333337,10000,8
subspace_ridge,alpha_lambda_accuracy,0.041666666666666664,0.0,0.125,10000,8
tcn,alpha_lambda_accuracy,0.20833333333333331,0.041666666666666664,0.375,10000,8
time_only,alpha_lambda_accuracy,0.125,0.0,0.375,10000,8
attention,prognostic_horizon_fraction,0.0,0.0,0.0,10000,8
context_only,prognostic_horizon_fraction,0.0,0.0,0.0,10000,8
custom_boosting,prognostic_horizon_fraction,0.0,0.0,0.0,10000,8
degradation,prognostic_horizon_fraction,0.0,0.0,0.0,10000,8
elapsed_clock,prognostic_horizon_fraction,0.0,0.0,0.0,10000,8
random_forest,prognostic_horizon_fraction,0.0,0.0,0.0,10000,8
representation,prognostic_horizon_fraction,0.0,0.0,0.0,10000,8
standard_boosting,prognostic_horizon_fraction,0.0,0.0,0.0,10000,8
subspace_ridge,prognostic_horizon_fraction,0.0,0.0,0.0,10000,8
tcn,prognostic_horizon_fraction,0.0,0.0,0.0,10000,8
time_only,prognostic_horizon_fraction,0.0,0.0,0.0,10000,8
