model,policy,required_lead_hours,failure_cost_ratio,loss,too_late,unused_life_fraction
always_action,control,0.5,5,0.9139109216755231,0.0,0.9139109216755231
always_action,control,0.5,10,0.9139109216755231,0.0,0.9139109216755231
always_action,control,0.5,20,0.9139109216755231,0.0,0.9139109216755231
always_action,control,1.0,5,0.8278218433510462,0.0,0.8278218433510462
always_action,control,1.0,10,0.8278218433510462,0.0,0.8278218433510462
always_action,control,1.0,20,0.8278218433510462,0.0,0.8278218433510462
always_action,control,2.0,5,0.6556436867020924,0.0,0.6556436867020924
always_action,control,2.0,10,0.6556436867020924,0.0,0.6556436867020924
always_action,control,2.0,20,0.6556436867020924,0.0,0.6556436867020924
attention,lower_bound,0.5,5,0.6724904325217503,0.0,0.6724904325217503
attention,lower_bound,0.5,10,0.6724904325217503,0.0,0.6724904325217503
attention,lower_bound,0.5,20,0.6724904325217503,0.0,0.6724904325217503
attention,lower_bound,1.0,5,0.6463459203403393,0.0,0.6463459203403393
attention,lower_bound,1.0,10,0.6463459203403393,0.0,0.6463459203403393
attention,lower_bound,1.0,20,0.6463459203403393,0.0,0.6463459203403393
attention,lower_bound,2.0,5,0.5685171478094986,0.0,0.5685171478094986
attention,lower_bound,2.0,10,0.5685171478094986,0.0,0.5685171478094986
attention,lower_bound,2.0,20,0.5685171478094986,0.0,0.5685171478094986
attention,point,0.5,5,2.034663036582122,0.375,0.15966303658212194
attention,point,0.5,10,3.9096630365821214,0.375,0.15966303658212194
attention,point,0.5,20,7.659663036582122,0.375,0.15966303658212194
attention,point,1.0,5,2.0543729247682534,0.375,0.1793729247682533
attention,point,1.0,10,3.9293729247682534,0.375,0.1793729247682533
attention,point,1.0,20,7.679372924768253,0.375,0.1793729247682533
attention,point,2.0,5,1.4842699259200811,0.25,0.23426992592008106
attention,point,2.0,10,2.734269925920081,0.25,0.23426992592008106
attention,point,2.0,20,5.234269925920081,0.25,0.23426992592008106
context_only,lower_bound,0.5,5,0.669381079956399,0.0,0.669381079956399
context_only,lower_bound,0.5,10,0.669381079956399,0.0,0.669381079956399
context_only,lower_bound,0.5,20,0.669381079956399,0.0,0.669381079956399
context_only,lower_bound,1.0,5,1.2233110648127499,0.125,0.5983110648127499
context_only,lower_bound,1.0,10,1.8483110648127499,0.125,0.5983110648127499
context_only,lower_bound,1.0,20,3.09831106481275,0.125,0.5983110648127499
context_only,lower_bound,2.0,5,1.1289085788511672,0.125,0.5039085788511672
context_only,lower_bound,2.0,10,1.7539085788511672,0.125,0.5039085788511672
context_only,lower_bound,2.0,20,3.003908578851167,0.125,0.5039085788511672
context_only,point,0.5,5,3.858718751566091,0.75,0.10871875156609057
context_only,point,0.5,10,7.608718751566091,0.75,0.10871875156609057
context_only,point,0.5,20,15.10871875156609,0.75,0.10871875156609057
context_only,point,1.0,5,3.2964651933479763,0.625,0.1714651933479761
context_only,point,1.0,10,6.421465193347976,0.625,0.1714651933479761
context_only,point,1.0,20,12.671465193347977,0.625,0.1714651933479761
context_only,point,2.0,5,2.727704350780949,0.5,0.22770435078094878
context_only,point,2.0,10,5.227704350780948,0.5,0.22770435078094878
context_only,point,2.0,20,10.227704350780948,0.5,0.22770435078094878
custom_boosting,lower_bound,0.5,5,1.199825810107107,0.125,0.5748258101071071
custom_boosting,lower_bound,0.5,10,1.8248258101071073,0.125,0.5748258101071071
custom_boosting,lower_bound,0.5,20,3.0748258101071073,0.125,0.5748258101071071
custom_boosting,lower_bound,1.0,5,1.1928455517504781,0.125,0.5678455517504781
custom_boosting,lower_bound,1.0,10,1.8178455517504781,0.125,0.5678455517504781
custom_boosting,lower_bound,1.0,20,3.0678455517504784,0.125,0.5678455517504781
custom_boosting,lower_bound,2.0,5,1.7003419387196521,0.25,0.45034193871965217
custom_boosting,lower_bound,2.0,10,2.950341938719652,0.25,0.45034193871965217
custom_boosting,lower_bound,2.0,20,5.450341938719652,0.25,0.45034193871965217
custom_boosting,point,0.5,5,3.7771729335969026,0.75,0.027172933596902715
custom_boosting,point,0.5,10,7.527172933596903,0.75,0.027172933596902715
custom_boosting,point,0.5,20,15.027172933596903,0.75,0.027172933596902715
custom_boosting,point,1.0,5,3.1882420507678124,0.625,0.06324205076781259
custom_boosting,point,1.0,10,6.313242050767813,0.625,0.06324205076781259
custom_boosting,point,1.0,20,12.563242050767812,0.625,0.06324205076781259
custom_boosting,point,2.0,5,2.621229297939429,0.5,0.12122929793942923
custom_boosting,point,2.0,10,5.121229297939429,0.5,0.12122929793942923
custom_boosting,point,2.0,20,10.12122929793943,0.5,0.12122929793942923
degradation,lower_bound,0.5,5,0.8519191287401177,0.0,0.8519191287401177
degradation,lower_bound,0.5,10,0.8519191287401177,0.0,0.8519191287401177
degradation,lower_bound,0.5,20,0.8519191287401177,0.0,0.8519191287401177
degradation,lower_bound,1.0,5,0.7781509039023339,0.0,0.7781509039023339
degradation,lower_bound,1.0,10,0.7781509039023339,0.0,0.7781509039023339
degradation,lower_bound,1.0,20,0.7781509039023339,0.0,0.7781509039023339
degradation,lower_bound,2.0,5,0.608905649063461,0.0,0.608905649063461
degradation,lower_bound,2.0,10,0.608905649063461,0.0,0.608905649063461
degradation,lower_bound,2.0,20,0.608905649063461,0.0,0.608905649063461
degradation,point,0.5,5,4.49550157198216,0.875,0.12050157198215983
degradation,point,0.5,10,8.87050157198216,0.875,0.12050157198215983
degradation,point,0.5,20,17.62050157198216,0.875,0.12050157198215983
degradation,point,1.0,5,3.916970019311085,0.75,0.1669700193110846
degradation,point,1.0,10,7.666970019311084,0.75,0.1669700193110846
degradation,point,1.0,20,15.166970019311083,0.75,0.1669700193110846
degradation,point,2.0,5,3.8900814714802707,0.75,0.1400814714802707
degradation,point,2.0,10,7.64008147148027,0.75,0.1400814714802707
degradation,point,2.0,20,15.14008147148027,0.75,0.1400814714802707
elapsed_clock,lower_bound,0.5,5,0.9139109216755231,0.0,0.9139109216755231
elapsed_clock,lower_bound,0.5,10,0.9139109216755231,0.0,0.9139109216755231
elapsed_clock,lower_bound,0.5,20,0.9139109216755231,0.0,0.9139109216755231
elapsed_clock,lower_bound,1.0,5,0.8278218433510462,0.0,0.8278218433510462
elapsed_clock,lower_bound,1.0,10,0.8278218433510462,0.0,0.8278218433510462
elapsed_clock,lower_bound,1.0,20,0.8278218433510462,0.0,0.8278218433510462
elapsed_clock,lower_bound,2.0,5,0.6556436867020924,0.0,0.6556436867020924
elapsed_clock,lower_bound,2.0,10,0.6556436867020924,0.0,0.6556436867020924
elapsed_clock,lower_bound,2.0,20,0.6556436867020924,0.0,0.6556436867020924
elapsed_clock,point,0.5,5,0.9139109216755231,0.0,0.9139109216755231
elapsed_clock,point,0.5,10,0.9139109216755231,0.0,0.9139109216755231
elapsed_clock,point,0.5,20,0.9139109216755231,0.0,0.9139109216755231
elapsed_clock,point,1.0,5,0.8278218433510462,0.0,0.8278218433510462
elapsed_clock,point,1.0,10,0.8278218433510462,0.0,0.8278218433510462
elapsed_clock,point,1.0,20,0.8278218433510462,0.0,0.8278218433510462
elapsed_clock,point,2.0,5,0.6556436867020924,0.0,0.6556436867020924
elapsed_clock,point,2.0,10,0.6556436867020924,0.0,0.6556436867020924
elapsed_clock,point,2.0,20,0.6556436867020924,0.0,0.6556436867020924
never_action,control,0.5,5,5.0,1.0,0.0
never_action,control,0.5,10,10.0,1.0,0.0
never_action,control,0.5,20,20.0,1.0,0.0
never_action,control,1.0,5,5.0,1.0,0.0
never_action,control,1.0,10,10.0,1.0,0.0
never_action,control,1.0,20,20.0,1.0,0.0
never_action,control,2.0,5,5.0,1.0,0.0
never_action,control,2.0,10,10.0,1.0,0.0
never_action,control,2.0,20,20.0,1.0,0.0
random_forest,lower_bound,0.5,5,0.6537523534848226,0.0,0.6537523534848226
random_forest,lower_bound,0.5,10,0.6537523534848226,0.0,0.6537523534848226
random_forest,lower_bound,0.5,20,0.6537523534848226,0.0,0.6537523534848226
random_forest,lower_bound,1.0,5,1.1992911331150684,0.125,0.5742911331150684
random_forest,lower_bound,1.0,10,1.8242911331150684,0.125,0.5742911331150684
random_forest,lower_bound,1.0,20,3.0742911331150684,0.125,0.5742911331150684
random_forest,lower_bound,2.0,5,1.107565195018023,0.125,0.48256519501802303
random_forest,lower_bound,2.0,10,1.732565195018023,0.125,0.48256519501802303
random_forest,lower_bound,2.0,20,2.9825651950180228,0.125,0.48256519501802303
random_forest,point,0.5,5,2.552306727238035,0.5,0.05230672723803505
random_forest,point,0.5,10,5.052306727238035,0.5,0.05230672723803505
random_forest,point,0.5,20,10.052306727238035,0.5,0.05230672723803505
random_forest,point,1.0,5,3.1808579225005347,0.625,0.055857922500534514
random_forest,point,1.0,10,6.305857922500534,0.625,0.055857922500534514
random_forest,point,1.0,20,12.555857922500534,0.625,0.055857922500534514
random_forest,point,2.0,5,2.5696561797783994,0.5,0.0696561797783996
random_forest,point,2.0,10,5.069656179778399,0.5,0.0696561797783996
random_forest,point,2.0,20,10.0696561797784,0.5,0.0696561797783996
representation,lower_bound,0.5,5,0.5315975981104488,0.0,0.5315975981104488
representation,lower_bound,0.5,10,0.5315975981104488,0.0,0.5315975981104488
representation,lower_bound,0.5,20,0.5315975981104488,0.0,0.5315975981104488
representation,lower_bound,1.0,5,0.5622247162495534,0.0,0.5622247162495534
representation,lower_bound,1.0,10,0.5622247162495534,0.0,0.5622247162495534
representation,lower_bound,1.0,20,0.5622247162495534,0.0,0.5622247162495534
representation,lower_bound,2.0,5,0.49060007136670103,0.0,0.49060007136670103
representation,lower_bound,2.0,10,0.49060007136670103,0.0,0.49060007136670103
representation,lower_bound,2.0,20,0.49060007136670103,0.0,0.49060007136670103
representation,point,0.5,5,2.021710015481799,0.375,0.14671001548179896
representation,point,0.5,10,3.8967100154817986,0.375,0.14671001548179896
representation,point,0.5,20,7.646710015481799,0.375,0.14671001548179896
representation,point,1.0,5,1.4004724399133759,0.25,0.150472439913376
representation,point,1.0,10,2.650472439913376,0.25,0.150472439913376
representation,point,1.0,20,5.1504724399133766,0.25,0.150472439913376
representation,point,2.0,5,1.9799206751748974,0.375,0.10492067517489753
representation,point,2.0,10,3.8549206751748972,0.375,0.10492067517489753
representation,point,2.0,20,7.604920675174897,0.375,0.10492067517489753
standard_boosting,lower_bound,0.5,5,0.569620419823841,0.0,0.569620419823841
standard_boosting,lower_bound,0.5,10,0.569620419823841,0.0,0.569620419823841
standard_boosting,lower_bound,0.5,20,0.569620419823841,0.0,0.569620419823841
standard_boosting,lower_bound,1.0,5,1.1262783159543148,0.125,0.5012783159543148
standard_boosting,lower_bound,1.0,10,1.7512783159543148,0.125,0.5012783159543148
standard_boosting,lower_bound,1.0,20,3.001278315954315,0.125,0.5012783159543148
standard_boosting,lower_bound,2.0,5,1.0796696154018335,0.125,0.4546696154018334
standard_boosting,lower_bound,2.0,10,1.7046696154018335,0.125,0.4546696154018334
standard_boosting,lower_bound,2.0,20,2.9546696154018335,0.125,0.4546696154018334
standard_boosting,point,0.5,5,3.7696075732266605,0.75,0.01960757322666072
standard_boosting,point,0.5,10,7.5196075732266605,0.75,0.01960757322666072
standard_boosting,point,0.5,20,15.019607573226661,0.75,0.01960757322666072
standard_boosting,point,1.0,5,2.5183308454000746,0.5,0.0183308454000747
standard_boosting,point,1.0,10,5.018330845400074,0.5,0.0183308454000747
standard_boosting,point,1.0,20,10.018330845400074,0.5,0.0183308454000747
standard_boosting,point,2.0,5,3.233426957702735,0.625,0.10842695770273485
standard_boosting,point,2.0,10,6.358426957702735,0.625,0.10842695770273485
standard_boosting,point,2.0,20,12.608426957702735,0.625,0.10842695770273485
subspace_ridge,lower_bound,0.5,5,0.6247004202371415,0.0,0.6247004202371415
subspace_ridge,lower_bound,0.5,10,0.6247004202371415,0.0,0.6247004202371415
subspace_ridge,lower_bound,0.5,20,0.6247004202371415,0.0,0.6247004202371415
subspace_ridge,lower_bound,1.0,5,0.5533919966938697,0.0,0.5533919966938697
subspace_ridge,lower_bound,1.0,10,0.5533919966938697,0.0,0.5533919966938697
subspace_ridge,lower_bound,1.0,20,0.5533919966938697,0.0,0.5533919966938697
subspace_ridge,lower_bound,2.0,5,1.0777491022399948,0.125,0.4527491022399947
subspace_ridge,lower_bound,2.0,10,1.7027491022399948,0.125,0.4527491022399947
subspace_ridge,lower_bound,2.0,20,2.952749102239995,0.125,0.4527491022399947
subspace_ridge,point,0.5,5,2.0573923349531285,0.375,0.18239233495312837
subspace_ridge,point,0.5,10,3.9323923349531285,0.375,0.18239233495312837
subspace_ridge,point,0.5,20,7.6823923349531285,0.375,0.18239233495312837
subspace_ridge,point,1.0,5,2.65067705437179,0.5,0.15067705437179024
subspace_ridge,point,1.0,10,5.150677054371791,0.5,0.15067705437179024
subspace_ridge,point,1.0,20,10.15067705437179,0.5,0.15067705437179024
subspace_ridge,point,2.0,5,3.2376907579440872,0.625,0.11269075794408712
subspace_ridge,point,2.0,10,6.362690757944087,0.625,0.11269075794408712
subspace_ridge,point,2.0,20,12.612690757944087,0.625,0.11269075794408712
tcn,lower_bound,0.5,5,0.5600732873257344,0.0,0.5600732873257344
tcn,lower_bound,0.5,10,0.5600732873257344,0.0,0.5600732873257344
tcn,lower_bound,0.5,20,0.5600732873257344,0.0,0.5600732873257344
tcn,lower_bound,1.0,5,0.6276854592584494,0.0,0.6276854592584494
tcn,lower_bound,1.0,10,0.6276854592584494,0.0,0.6276854592584494
tcn,lower_bound,1.0,20,0.6276854592584494,0.0,0.6276854592584494
tcn,lower_bound,2.0,5,1.114439167581489,0.125,0.4894391675814891
tcn,lower_bound,2.0,10,1.739439167581489,0.125,0.4894391675814891
tcn,lower_bound,2.0,20,2.989439167581489,0.125,0.4894391675814891
tcn,point,0.5,5,1.3507322462973714,0.25,0.10073224629737146
tcn,point,0.5,10,2.6007322462973717,0.25,0.10073224629737146
tcn,point,0.5,20,5.100732246297372,0.25,0.10073224629737146
tcn,point,1.0,5,1.444244974754749,0.25,0.19424497475474897
tcn,point,1.0,10,2.694244974754749,0.25,0.19424497475474897
tcn,point,1.0,20,5.194244974754749,0.25,0.19424497475474897
tcn,point,2.0,5,1.4201589517397875,0.25,0.1701589517397875
tcn,point,2.0,10,2.6701589517397877,0.25,0.1701589517397875
tcn,point,2.0,20,5.170158951739787,0.25,0.1701589517397875
time_only,lower_bound,0.5,5,2.4125224081621197,0.375,0.5375224081621198
time_only,lower_bound,0.5,10,4.28752240816212,0.375,0.5375224081621198
time_only,lower_bound,0.5,20,8.03752240816212,0.375,0.5375224081621198
time_only,lower_bound,1.0,5,2.3944500920872644,0.375,0.5194500920872642
time_only,lower_bound,1.0,10,4.269450092087264,0.375,0.5194500920872642
time_only,lower_bound,1.0,20,8.019450092087265,0.375,0.5194500920872642
time_only,lower_bound,2.0,5,2.3583267196937348,0.375,0.48332671969373464
time_only,lower_bound,2.0,10,4.233326719693735,0.375,0.48332671969373464
time_only,lower_bound,2.0,20,7.983326719693735,0.375,0.48332671969373464
time_only,point,0.5,5,2.125189912545982,0.375,0.250189912545982
time_only,point,0.5,10,4.000189912545982,0.375,0.250189912545982
time_only,point,0.5,20,7.7501899125459826,0.375,0.250189912545982
time_only,point,1.0,5,2.125138641015165,0.375,0.2501386410151649
time_only,point,1.0,10,4.000138641015165,0.375,0.2501386410151649
time_only,point,1.0,20,7.750138641015165,0.375,0.2501386410151649
time_only,point,2.0,5,2.1252015982734194,0.375,0.2502015982734194
time_only,point,2.0,10,4.000201598273419,0.375,0.2502015982734194
time_only,point,2.0,20,7.750201598273419,0.375,0.2502015982734194
