model,nMAE,MAE_hours,late_MAE_hours,coverage,interval_score_hours,normalized_interval_score,mean_width_hours,slope,monotonic_violation_rate,asymmetric_5,asymmetric_10,alpha_lambda_accuracy,prognostic_horizon_fraction,coverage_error,median_slope,bearings_nMAE_le_0.20,worst_bearing_nMAE,worst_bearing_coverage
attention,0.33979862400703165,2.5550288941706025,1.1593501304056677,0.7549740166215125,17.51941118511275,2.179567786939426,7.0715031477426775,-1.0357318009689178,0.49885993919997085,1.11571987264212,2.08562143343598,0.16666666666666666,0.0,0.1774360972607173,-0.901156484057349,1,0.5815703557047149,0.4021222100256129
context_only,0.8554897547405611,4.832417605854899,4.316746733707791,0.717753495645691,25.31629573774186,5.597798491074423,12.561122633935057,-0.7885399617817527,0.42010126941282344,3.9287582419523943,7.770343850967186,0.125,0.0,0.26387530781122404,-0.8845974158218153,0,2.939852815103731,0.009126466753585397
custom_boosting,0.5390000805622749,3.3449843430114097,2.561765148827473,0.6761087117027764,19.01452161537107,2.6387178208930044,9.143381242295733,-0.7300780012847229,0.10155458363881774,2.2930286071884036,4.485564265471064,0.16666666666666666,0.0,0.24889128829722362,-0.7479011567721369,2,1.1121153927553662,0.46254071661237783
degradation,4.73390404980538,25.57464509214815,26.53218914779541,0.8220245569133116,64.87983349877221,11.605385651227431,61.37663181160379,-0.4995534224293693,0.19161404665039056,23.632222151960693,47.255119779654834,0.0,0.0,0.12212551192338314,-0.5788148410816898,0,12.548987716419905,0.4006514657980456
elapsed_clock,0.5006064981484507,4.484172227778577,4.494591539866928,0.7453054433050501,43.584697281782,3.725978415909549,10.907125271352971,1.0000000000000002,1.0,1.497869169963599,2.7444475097325345,0.3333333333333333,0.0,0.2577411516770287,1.0000000000000004,0,0.5086346905719807,0.12531017369727046
random_forest,0.44119606895280716,3.2470859533503758,2.1720891859702482,0.6896353770785179,21.037239912540752,2.835401200846421,8.850541058461722,-1.0039277145913705,0.46834990165736323,1.7593629252827345,3.407071495695144,0.16666666666666666,0.0,0.24015601796711447,-0.8602864267545296,1,0.9501528899653171,0.37071172555043524
representation,0.33271223985497395,2.367489093299805,1.2471250683547768,0.7670526229223642,17.54681219135251,2.2949671159724074,7.621733401434624,-1.1974250937226842,0.4886118094490136,1.1693053323023224,2.215046697861508,0.24999999999999997,0.0,0.1829473770776358,-1.0909220230629457,1,0.6569309174154414,0.4097394540942928
standard_boosting,0.5408083787957136,3.4832661571379453,2.647140393926162,0.6927056260249801,23.76475353699112,3.58419602110042,9.555154640485396,-0.991711926426581,0.2829850633660888,2.3469496071691793,4.604626142636011,0.29166666666666663,0.0,0.24796396782792884,-0.7942076942728783,2,0.9867150816886878,0.416794674859191
subspace_ridge,0.5520441574545967,3.485320573786301,3.054921941348341,0.6810554738296726,21.796531732067542,3.4490890932007914,10.07557538961801,-1.1778492696372254,0.44513083317323693,2.471954930461818,4.871843396720844,0.041666666666666664,0.0,0.2939445261703274,-0.9684809532752846,1,1.6661200827376512,0.08818148554701793
tcn,0.3684389699667588,2.6860022749139016,1.2126792390964212,0.7011968801919052,20.933708815302715,2.7654322556159823,6.667392939701894,-1.1809754516850872,0.4892504863700781,1.272637308706199,2.4028852321304996,0.20833333333333331,0.0,0.24717445531298082,-0.8522899593900503,0,0.5616371253382872,0.47420417124039516
time_only,0.8221354367585161,4.717895212066602,3.8154174075328937,0.3515610646590313,45.22242051121946,8.546175866255256,8.065321170664966,-0.7515733981986314,0.0,3.3761558542370445,6.568681376085205,0.125,0.0,0.5984389353409687,-0.8543631193873662,1,2.467211328976035,0.0
