model,bearing_id,nMAE,MAE_hours,late_MAE_hours,coverage,interval_score_hours,normalized_interval_score,mean_width_hours,slope,monotonic_violation_rate,asymmetric_5,asymmetric_10,alpha_lambda_accuracy,prognostic_horizon_fraction,coverage_error,records,duration_hours
attention,B02,0.5112433970963153,2.871625759079053,2.112509441849794,0.9184587813620072,16.706082754190305,2.9742296580329906,9.263803037543548,-1.8714296213489412,0.4834080717488789,2.5382209290052806,5.071942843891487,0.3333333333333333,0.0,0.01845878136200718,1116,5.616944444444444
attention,B03,0.5438937661610871,1.7490717030130294,1.511439259822077,0.6237785016286646,5.513845667322259,1.7145931072264085,3.8440106092332247,-1.2008204099179662,0.4893964110929853,2.719468830805435,5.43893766161087,0.0,0.0,0.27622149837133547,614,3.2158333333333333
attention,B04,0.2044436993924198,1.164704397455316,0.8766750629941199,1.0,12.692679052064634,2.2279801349374755,12.692679052064634,-0.7536574137023598,0.48966756513926324,0.24945894455421902,0.30572800100646796,0.0,0.0,0.09999999999999998,1114,5.696944444444444
attention,B08,0.17852180265268455,1.896694974405522,0.9216221132272229,0.866447728516694,8.636733943105332,0.8129115821789165,6.517545210513957,-0.4307332339741865,0.4791894852135816,0.29493442905185835,0.44045021205082563,0.3333333333333333,0.0,0.03355227148330597,1827,10.624444444444444
attention,B10,0.2901532989474641,5.51170370792287,2.88447851741207,0.3880272952853598,45.03228337047893,2.3706400545985837,7.836476987862437,-0.3896962944341778,0.49301892646602546,0.29400863820035483,0.2988278122664682,0.3333333333333333,0.0,0.5119727047146403,3224,18.995833333333334
attention,B11,0.28785235169308243,2.5450145838997553,1.114318536992274,0.4582693292370712,17.965805363793823,2.032011665765741,4.468210094293907,-1.7103368561057966,0.5,1.0022881613136716,1.8953329233394078,0.0,0.0,0.4417306707629288,1953,8.841388888888888
attention,B12,0.30831179686922144,0.7861950820165147,0.21364146693066433,0.9165580182529335,8.835863722080255,3.465044596894218,3.577423709621904,-1.8601943181905338,0.5078328981723238,1.196873917061352,2.3075765673015147,0.0,0.0,0.01655801825293346,767,2.55
attention,B17,0.23925829648592692,3.9305485867983903,1.5745484394322435,0.3929747530186608,44.23790648646508,2.6928266913186163,4.760084703243542,-0.38799299158597145,0.49890190336749635,0.2625963495419757,0.2917689158620366,0.0,0.0,0.5070252469813392,2733,16.428055555555556
context_only,B02,0.7973892037183037,4.478890857885505,4.771830522360783,1.0,20.668283782476607,3.6796311565657382,20.668283782476607,-0.9336396135200731,0.41524663677130047,3.9869460185915178,7.9738920371830355,0.0,0.0,0.09999999999999998,1116,5.616944444444444
context_only,B03,0.7319297388274549,2.3537640517792906,2.38577398173764,1.0,8.925559979713691,2.7755045285453304,8.925559979713691,-0.9700604726258265,0.43066884176182707,3.6596486941372754,7.319297388274551,0.0,0.0,0.09999999999999998,614,3.2158333333333333
context_only,B04,0.24665019336993813,1.4051524488400169,1.3370850199193887,1.0,15.635869250406788,2.7446062363579133,15.635869250406788,-0.3324732846280415,0.46271338724168914,0.6903005701507434,1.2448635411267501,0.3333333333333333,0.0,0.09999999999999998,1114,5.696944444444444
context_only,B08,0.3664328053293156,3.8931449828432396,2.529888963382385,0.9244663382594417,7.9937415696823155,0.7523914884662293,7.7594808015198575,-0.4745102204142622,0.47973713033953996,0.36693084572788803,0.36755339622610345,0.0,0.0,0.024466338259441667,1827,10.624444444444444
context_only,B10,0.3053221000941496,5.799847726371784,3.556215409282782,0.5034119106699751,67.94303146099332,3.5767333956214955,4.637728525541339,-0.5000367943587313,0.47378219050574,0.3057096564596999,0.30619410191663765,0.0,0.0,0.3965880893300249,3224,18.995833333333334
context_only,B11,0.5536581229713998,4.895106776682412,7.554622606092718,0.2739375320020481,59.317988043875616,6.709125544564776,5.131034888624003,0.25343006690270925,0.4651639344262295,2.7533431454327784,5.502949423509501,0.0,0.0,0.6260624679979518,1953,8.841388888888888
context_only,B12,2.4400501870489233,6.222127976974754,6.286962239080652,0.0,76.03399410598873,29.817252590583816,5.378729492611813,-0.9123366968525304,0.4464751958224543,12.200250935244615,24.40050187048923,0.0,0.0,0.9,767,2.55
context_only,B17,0.11966215152305452,1.9658164731180465,2.4653522368144505,1.0,11.885974391570603,0.7235168125269131,11.885974391570603,-0.8894919828232029,0.10505124450951683,0.5967529057298723,1.1931163484883944,0.0,0.0,0.09999999999999998,2733,16.428055555555556
custom_boosting,B02,0.7849009966842111,4.408745292764286,4.424217896272325,0.47580645161290325,25.13164260279408,4.474255149105321,8.192411373284946,-1.1918700167124285,0.021524663677130046,3.9245049834210555,7.849009966842111,0.0,0.0,0.4241935483870968,1116,5.616944444444444
custom_boosting,B03,1.2280357443318963,3.949158281147323,4.0295787906894995,0.16449511400651465,29.37005611352533,9.132953442920549,5.858212007174897,-1.1317288600958917,0.0864600326264274,6.14017872165948,12.28035744331896,0.0,0.0,0.7355048859934854,614,3.2158333333333333
custom_boosting,B04,0.14000399974049876,0.7975950085216359,0.8154708826279105,1.0,15.874042298941953,2.7864133929587513,15.874042298941953,-0.9295413276496928,0.1293800539083558,0.24575032077541947,0.37793322206907026,0.0,0.0,0.09999999999999998,1114,5.696944444444444
custom_boosting,B08,0.2901666990240381,3.0828599734087248,1.0281343692968117,0.5659551176792557,20.108070765699896,1.8926232680537447,6.095497001241525,-0.2719753269941077,0.09200438116100766,0.2983137635756563,0.3084975942651792,0.3333333333333333,0.0,0.33404488232074436,1827,10.624444444444444
custom_boosting,B10,0.24743679263403726,4.700268073410733,1.8119819744393644,0.5536600496277916,40.20350934422945,2.1164383072198,8.73280460358338,-0.2411235001165089,0.041576171269004036,0.3036384154805912,0.3738904440387837,0.6666666666666666,0.0,0.34633995037220844,3224,18.995833333333334
custom_boosting,B11,0.5066169773033052,4.479197714051917,5.477125078203107,0.7465437788018433,15.239654203312245,1.7236719699621128,10.797046451784357,-0.5481826711614398,0.09067622950819672,2.533084886516526,5.066169773033052,0.0,0.0,0.15345622119815672,1953,8.841388888888888
custom_boosting,B12,1.1172437181291122,2.8489714812292357,2.7216585080176388,0.41199478487614083,14.737647077445917,5.779469442135654,5.146238200927628,-1.3873034118931844,0.020887728459530026,5.586218590645561,11.172437181291121,0.0,0.0,0.4880052151238592,767,2.55
custom_boosting,B17,0.31151980632459325,5.117664684956325,1.9353776079420584,0.5697036223929748,39.97384846435725,2.433267183031841,8.412310691391184,-0.21153995423651728,0.05966325036603221,0.3204359630855184,0.33158115903667484,0.3333333333333333,0.0,0.33029637760702524,2733,16.428055555555556
degradation,B02,2.842230113478086,15.964648645733435,14.729150133831167,0.9847670250896058,47.433517255506125,8.444718961466894,46.48939653328445,-1.973416793638576,0.4726457399103139,14.138199737016658,28.258161766439862,0.0,0.0,0.08476702508960576,1116,5.616944444444444
degradation,B03,0.4998463762953559,1.607422638436482,0.8012318445896878,1.0,9.570277777777775,2.975986870519132,9.570277777777775,0.0,0.0,0.4998463762953559,0.4998463762953559,0.0,0.0,0.09999999999999998,614,3.2158333333333333
degradation,B04,0.6149112175450459,3.5031150446198183,0.9923506978048486,0.895870736086176,17.407975216563923,3.0556687688151603,13.686183811263712,-2.5293676875764244,0.36028751123090746,2.592535500653335,5.064565854538696,0.0,0.0,0.004129263913824066,1114,5.696944444444444
degradation,B08,0.43804253692423983,4.65395859785509,2.350173400779841,0.5779967159277504,22.841079396438936,2.1498610601124284,6.068770909544066,-0.1433138734183899,0.3357064622124863,0.43804253692423983,0.43804253692423983,0.0,0.0,0.32200328407224965,1827,10.624444444444444
degradation,B10,0.9266361615554339,17.602226085546764,19.796933752551958,0.848014888337469,53.97541551407526,2.841434464439145,49.03575629791044,-0.5735729045790059,0.26838349363946634,4.602214420927908,9.196687245143501,0.0,0.0,0.05198511166253106,3224,18.995833333333334
degradation,B11,3.4815388734541317,30.781639111992096,32.26082500590997,0.8166922683051715,72.00000768219132,8.143517787423066,68.89175083049207,-0.6871117492798887,0.08760245901639344,17.407694367270658,34.815388734541315,0.0,0.0,0.08330773169482852,1953,8.841388888888888
degradation,B12,9.763257835986002,24.896307481764303,25.102216017907065,0.9556714471968709,63.788882471818695,25.015248028164194,63.333672633711885,0.6876262075710815,0.3328981723237598,48.81628917993001,97.63257835986002,0.0,0.0,0.055671447196870893,767,2.55
degradation,B17,0.7180380721131993,11.795969339679644,13.52260832949902,1.0,43.16684018838287,2.6276293041744023,43.16684018838287,-0.6072345098009749,0.4952415812591508,3.532277377036113,7.050076508189755,0.3333333333333333,0.0,0.09999999999999998,2733,16.428055555555556
elapsed_clock,B02,0.5054979395245265,2.839353843090403,2.782547325102881,0.9121863799283154,8.304537037037038,1.4784794685393077,7.930821385902031,1.0000000000000004,1.0,1.4643066870932824,2.662817621554228,0.3333333333333333,0.0,0.012186379928315394,1116,5.616944444444444
elapsed_clock,B03,0.49975423020877907,1.607126311979732,1.613369644153958,1.0,11.166744028230184,3.4724262331889664,11.166744028230184,0.9999999999999997,1.0,1.499877185444914,2.7500308794900823,0.3333333333333333,0.0,0.09999999999999998,614,3.2158333333333333
elapsed_clock,B04,0.5086346905719807,2.897663574705765,2.862148215733982,1.0,19.566202373828048,3.43450819375791,19.566202373828048,1.0000000000000004,1.0,1.4972002920642715,2.732907293929635,0.3333333333333333,0.0,0.09999999999999998,1114,5.696944444444444
elapsed_clock,B08,0.4996353702114293,5.308348233290763,5.267113672399073,0.7493158182813355,19.6559539013562,1.850068867519408,12.907623304749741,1.0,1.0,1.4884304170162705,2.7244242255223217,0.3333333333333333,0.0,0.1506841817186645,1827,10.624444444444444
elapsed_clock,B10,0.4891768270834138,9.292321477805348,9.507027045030641,0.12531017369727046,147.27335487317342,7.752929407668703,4.488570616211747,1.0000000000000004,1.0,1.5249088007233893,2.8195737677733583,0.3333333333333333,0.0,0.7746898263027295,3224,18.995833333333334
elapsed_clock,B11,0.5015070049908436,4.434018461625988,4.449297318791184,1.0,19.240362263184846,2.1761696612355226,19.240362263184846,1.0000000000000004,1.0,1.509523264174886,2.7695435881549386,0.3333333333333333,0.0,0.09999999999999998,1953,8.841388888888888
elapsed_clock,B12,0.5003669901974988,1.2759358250036217,1.277130838410212,1.0,6.4217094017094,2.518317412435059,6.4217094017094,1.0000000000000002,1.0,1.5007322761061548,2.751188883491974,0.3333333333333333,0.0,0.09999999999999998,767,2.55
elapsed_clock,B17,0.5002789323991342,8.218610094727,8.198098259313486,0.1756311745334797,117.04871437573689,7.1249280829315165,5.534968797007765,1.0000000000000004,1.0,1.4979744370856247,2.745093817943738,0.3333333333333333,0.0,0.7243688254665204,2733,16.428055555555556
random_forest,B02,0.7765054583203892,4.361588020193497,3.433479456323236,0.6738351254480287,14.713742492472162,2.6195278657286876,9.861716579917378,-1.9215299060935875,0.48789237668161434,3.849000752509702,7.689619870246344,0.0,0.0,0.22616487455197132,1116,5.616944444444444
random_forest,B03,0.9936114703342188,3.1952888866831253,3.0055583662921053,0.5162866449511401,12.123742711324146,3.7700158729175888,6.812132290243661,-1.334983307952326,0.4600326264274062,4.968057351671094,9.936114703342188,0.0,0.0,0.38371335504885995,614,3.2158333333333333
random_forest,B04,0.11527793196384138,0.6567319740684507,0.7575714176169487,1.0,14.977013980097045,2.628955596486877,14.977013980097045,-1.1883109028095749,0.42677448337825696,0.19619593825899653,0.29734344612794045,0.0,0.0,0.09999999999999998,1114,5.696944444444444
random_forest,B08,0.30317804600688314,3.221098306575352,1.024521448028093,0.5402298850574713,26.119115269815563,2.458398216150806,5.557937807583241,-0.16987114993264193,0.5054764512595837,0.327483871982475,0.3578661544519649,0.6666666666666666,0.0,0.35977011494252875,1827,10.624444444444444
random_forest,B10,0.2571034444852582,4.883894180867883,1.495790235703002,0.6479528535980149,22.707549909232668,1.1953963540723493,12.17435400940945,-0.2858908653951492,0.47254111076636673,0.2690903289204804,0.28407393446450835,0.6666666666666666,0.0,0.2520471464019851,3224,18.995833333333334
random_forest,B11,0.604187646851284,5.341857947674866,6.882161446722622,0.4423963133640553,45.10603250539984,5.10169081716169,8.550108174353085,-0.3901227782301343,0.4651639344262295,3.02093823425642,6.04187646851284,0.0,0.0,0.4576036866359447,1953,8.841388888888888
random_forest,B12,0.3605366304905965,0.9193684077510209,0.21913762293164624,0.9191655801825294,10.102619635739615,3.9618116218586725,2.8538549532447783,-1.9451981075939826,0.46344647519582244,1.2717829752535168,2.410840906207168,0.3333333333333333,0.0,0.01916558018252934,767,2.55
random_forest,B17,0.2143939105253685,3.5220750728835606,1.0696111263965795,0.615440907427735,28.21679582479167,1.717598027920563,7.8803600954849715,-0.31436065458619283,0.4732796486090776,0.2826088052462598,0.3678774236473739,0.0,0.0,0.28455909257226497,2733,16.428055555555556
representation,B02,0.43960334944065216,2.4692275913998407,1.742467849757202,0.953405017921147,14.201040202103803,2.5282500730712476,9.773394413175089,-1.7320782415837341,0.5040358744394619,2.1822860051318242,4.360639324745789,0.3333333333333333,0.0,0.053405017921146936,1116,5.616944444444444
representation,B03,0.6916587372047069,2.224259222394137,1.6930783447893971,0.4381107491856677,11.200496143235162,3.4829218377512814,4.289655608888436,-1.5042322799142631,0.46492659053833607,3.4582936860235343,6.9165873720470685,0.0,0.0,0.4618892508143323,614,3.2158333333333333
representation,B04,0.14332543097119071,0.8165170177189306,0.6370362261861312,1.0,14.055037549371633,2.4671185907522495,14.055037549371633,-0.869286440200569,0.4914645103324349,0.1779412254225123,0.22121096848666433,0.0,0.0,0.09999999999999998,1114,5.696944444444444
representation,B08,0.2594307126123097,2.756307193332117,0.8556423541480668,0.6141215106732348,19.549855050850653,1.8400825711948952,6.004882937854242,-0.2921996728834231,0.5027382256297919,0.27252996708967153,0.2889040351863739,0.3333333333333333,0.0,0.2858784893267652,1827,10.624444444444444
representation,B10,0.29378605208722836,5.580710881106976,2.539482003830269,0.31668734491315137,66.20815296749176,3.485403972844488,5.93563745460232,-0.29209843166265886,0.500465404902265,0.30269086174514415,0.31382187381753907,0.0,0.0,0.5833126550868486,3224,18.995833333333334
representation,B11,0.292499717982794,2.5861037565762084,1.2233081051851857,1.0,12.311470894203788,1.3924815488747255,12.311470894203788,-1.5867802303672431,0.4918032786885246,1.420971352294006,2.8315608951830207,0.3333333333333333,0.0,0.09999999999999998,1953,8.841388888888888
representation,B12,0.4907207421137784,1.2513378923901348,0.4317312742701188,0.8956975228161669,13.311514574978558,5.220201794109239,3.7319672248409392,-2.8339906681456544,0.4934725848563969,1.9213093937594115,3.709545208316453,0.0,0.0013071895424835163,0.004302477183833142,767,2.55
representation,B17,0.17347290589029538,2.849822535349433,1.802913432470311,0.3084522502744237,22.656488265806118,1.3791338962293844,4.274673847543724,-0.7486839658340778,0.49231332357247437,0.17867923413998682,0.18518714445210113,0.0,0.0,0.5915477497255763,2733,16.428055555555556
standard_boosting,B02,0.8292828012868526,4.658035423561513,3.953142735107054,0.9032258064516129,13.085193666663324,2.32959285890846,12.191542157965095,-1.693679615146562,0.2538116591928251,4.141542181792645,8.281866407424888,0.0,0.0,0.003225806451612856,1116,5.616944444444444
standard_boosting,B03,1.0915135063969557,3.5101255176548767,3.1332282556771944,0.8338762214983714,11.96313570824155,3.720073296162182,9.604428530567704,-1.5660545442090448,0.30505709624796085,5.456689647441847,10.91315982374796,0.0,0.0,0.06612377850162865,614,3.2158333333333333
standard_boosting,B04,0.059548182855932344,0.3392426894978657,0.33001928561504557,1.0,15.741203385600903,2.763095820769577,15.741203385600903,-1.0894510128531472,0.27583108715184185,0.1635316230557098,0.2935109233054316,0.6666666666666666,0.0,0.09999999999999998,1114,5.696944444444444
standard_boosting,B08,0.35657079427295024,3.788366594264389,1.2978072967359684,0.5270935960591133,25.58185361502473,2.407829769245164,5.898575556586239,-0.10497263136670851,0.35870755750273825,0.3668557473354984,0.3797119386636835,0.3333333333333333,0.0,0.3729064039408867,1827,10.624444444444444
standard_boosting,B10,0.2571606659782114,4.884981150811107,1.6289022792731527,0.6830024813895782,26.46007308633372,1.392940895091049,11.759740528547884,-0.27445354220765183,0.34564070741545144,0.27505032582824773,0.2974124006407931,0.6666666666666666,0.0,0.21699751861042182,3224,18.995833333333334
standard_boosting,B11,0.6085352078598011,5.380296425269335,8.085156368354436,0.4423963133640553,63.31089815317359,7.160741253304375,7.809848547022208,0.08121542495692978,0.1403688524590164,3.0387420756244072,6.076500660330165,0.0,0.0,0.4576036866359447,1953,8.841388888888888
standard_boosting,B12,1.0302392561941305,2.6271101032950326,1.4722247581732777,0.4211212516297262,21.10919379626113,8.278115214220051,4.135583812290796,-2.774428174771169,0.1462140992167102,5.151196280970653,10.302392561941305,0.0,0.0,0.47887874837027383,767,2.55
standard_boosting,B17,0.1822130975332102,2.99340688922544,1.039137104416652,0.7131357482619831,20.98481390903462,1.277376609670527,8.175452439320491,-0.3749782341116659,0.23865300146412885,0.28168264061446474,0.40601956946603296,0.6666666666666666,0.0,0.1868642517380169,2733,16.428055555555556
subspace_ridge,B02,0.6273670310687842,3.5238857597894127,4.33253431001363,0.696236559139785,16.401321822140986,2.919972234790938,9.952748676223791,-0.7599054673670115,0.4852017937219731,3.130947913839418,6.260424017302712,0.0,0.0,0.20376344086021503,1116,5.616944444444444
subspace_ridge,B03,0.43675794098581205,1.4045407452202072,0.9047230448717676,1.0,5.6701811889267715,1.76320741816847,5.6701811889267715,-1.4980637285982037,0.4567699836867863,2.169910675436967,4.33635159350091,0.0,0.0,0.09999999999999998,614,3.2158333333333333
subspace_ridge,B04,0.16124745399004722,0.9186177871894107,1.0199115691443648,1.0,14.957437506454129,2.625519285349596,14.957437506454129,-0.9341449879739433,0.4123989218328841,0.25069665847829425,0.362508164088603,0.0,0.0,0.09999999999999998,1114,5.696944444444444
subspace_ridge,B08,0.2354152463736697,2.5011562064722552,1.3559062419561252,0.7755883962780514,9.655752508514478,0.9088242269047302,6.318407318631981,-0.574820029891889,0.39868565169769987,0.23655370880514193,0.23797678684448217,0.0,0.0,0.1244116037219486,1827,10.624444444444444
subspace_ridge,B10,0.222243164711063,4.221694116323901,2.586918506958357,0.8523573200992556,14.280240562976017,0.7517564674521263,10.450547673135558,-0.6149223604475287,0.42538008067018307,0.22237735477174472,0.22254509234759684,0.3333333333333333,0.0,0.047642679900744445,3224,18.995833333333334
subspace_ridge,B11,0.43330261971253825,3.830996967452883,2.41747369940355,1.0,18.35166922197651,2.0756545665624255,18.35166922197651,-1.6008166278338463,0.45133196721311475,2.1573327825707387,4.3123704861434895,0.0,0.0,0.09999999999999998,1953,8.841388888888888
subspace_ridge,B12,1.770945272471485,4.515910444802286,3.5151738445901097,0.02346805736636245,47.88247471452748,18.777441064520584,4.7234839872109715,-2.7387750898587164,0.4765013054830287,8.854726362357425,17.70945272471485,0.0,0.0,0.8765319426336375,767,2.55
subspace_ridge,B17,0.2773790834962518,4.556798993625508,5.275013459431167,0.1350164654226125,40.68369440743007,2.4764765537740017,5.82849474378327,-0.8811922428103757,0.48718887262079064,1.3868954174812589,2.7737908349625178,0.0,0.0,0.7649835345773875,2733,16.428055555555556
tcn,B02,0.4949357270109555,2.7800264821912584,2.6248396673927985,0.9811827956989247,11.117003275898746,1.979190534258221,11.045664645074373,-1.4845796490429104,0.4959641255605381,2.4135867058998963,4.811900429511072,0.0,0.0,0.08118279569892473,1116,5.616944444444444
tcn,B03,0.5641610825709968,1.8142480147012305,1.448062932294481,0.9543973941368078,5.547869416822809,1.7251731796287562,5.399000466913289,-1.3003910406779198,0.48613376835236544,2.8205396181969817,5.641012787729461,0.0,0.0,0.054397394136807775,614,3.2158333333333333
tcn,B04,0.18783639630681034,1.070093514404548,0.371326112189781,1.0,12.432735988330341,2.1823516289428655,12.432735988330341,-0.45936371183845626,0.4995507637017071,0.3059513967764558,0.4535951473635126,0.0,0.0,0.09999999999999998,1114,5.696944444444444
tcn,B08,0.2521437158296381,2.6788869008477776,0.7571578966630078,0.5774493705528189,23.052820325384737,2.16979066020145,5.304397495000985,-0.2810291440571136,0.5016429353778752,0.266527438806707,0.284507092528043,0.0,0.0,0.32255062944718116,1827,10.624444444444444
tcn,B10,0.2595735951425978,4.930816751062931,2.3219538979777514,0.5155086848635235,32.734979316867125,1.7232715586857008,8.99516044390048,-0.42477262156587764,0.5001551349674217,0.25966313492597654,0.25977505965519987,0.0,0.0,0.3844913151364765,3224,18.995833333333334
tcn,B11,0.44951828185514586,3.9743659425465103,0.8107797288957057,0.6344086021505376,43.893351909081765,4.9645313039270595,6.838362664500769,-2.364529276899804,0.4948770491803279,2.027711992928572,4.000454131770355,0.0,0.0,0.2655913978494624,1953,8.841388888888888
tcn,B12,0.4981811745992223,1.2703619952280167,0.3880556461151725,0.8904823989569752,14.704993068460814,5.766663948416006,3.9155773938265974,-3.0027065879482353,0.4751958224543081,2.222503261719514,4.377905870619879,0.0,0.0,0.009517601043024793,767,2.55
tcn,B17,0.37799422535698657,6.209710133843762,3.066892023162112,0.1712403951701427,84.95033481216176,5.171052321127176,4.074219093496872,-0.24013238980957985,0.49414348462664714,0.3783118910299722,0.3787089731212043,0.0,0.0,0.7287596048298574,2733,16.428055555555556
time_only,B02,0.8914989367489244,5.0075,5.007499999999999,0.0,11.455,2.0393650165669355,9.855000000000002,-1.0000000000000009,0.0,4.457494683744621,8.914989367489243,0.0,0.0,0.9,1116,5.616944444444444
time_only,B03,1.749330569232098,5.625555555555555,5.625555555555556,0.0,80.41611111111108,25.006305605942806,3.566111111111113,-0.9999999999999993,0.0,8.746652846160488,17.493305692320977,0.0,0.0,0.9,614,3.2158333333333333
time_only,B04,0.0139376564809792,0.07940205465788956,0.07878446877534477,1.0,16.188840015958508,2.841670683965607,16.188840015958508,-0.9993867953261681,0.0,0.0139376564809792,0.0139376564809792,1.0,0.0,0.09999999999999998,1114,5.696944444444444
time_only,B08,0.36158560208048485,3.8416461412151066,2.6693935236004394,0.2999452654625068,26.388581615277015,2.4837610807100305,4.44781350726753,-0.5464774530617951,0.0,0.36158560208048485,0.36158560208048485,0.0,0.0,0.6000547345374931,1827,10.624444444444444
time_only,B10,0.44637076136768344,8.47918458781362,4.744403144151347,0.17152605459057071,115.80707644058448,6.096446226308461,3.760517645437,-0.19932143705241906,0.0,0.44637076136768344,0.44637076136768344,0.0,0.0,0.7284739454094293,3224,18.995833333333334
time_only,B11,0.29168400642984077,2.5788917335153894,2.0150738468529874,1.0,12.56185711441088,1.4208013324917268,12.56185711441088,-0.7093394434485643,0.0,0.29168400642984077,0.29168400642984077,0.0,0.0,0.09999999999999998,1953,8.841388888888888
time_only,B12,2.467211328976035,6.291388888888889,6.291388888888888,0.0,67.78777777777779,26.583442265795213,6.448888888888888,-1.0000000000000022,0.0,12.336056644880177,24.672113289760354,0.0,0.0,0.9,767,2.55
time_only,B17,0.3554646327520828,5.839592734886369,4.091239832438588,0.34101719721917306,31.17412001463594,1.8976147182612635,7.693541082245803,-0.5580620567001022,0.0,0.3554646327520828,0.3554646327520828,0.0,0.0,0.558982802780827,2733,16.428055555555556
