model,criterion,P_rank_1,higher_is_better
attention,nMAE,0.3757,False
custom_boosting,nMAE,0.0,False
random_forest,nMAE,0.0383,False
representation,nMAE,0.5367,False
standard_boosting,nMAE,0.0018,False
subspace_ridge,nMAE,0.0283,False
tcn,nMAE,0.0192,False
attention,MAE_hours,0.2639,False
custom_boosting,MAE_hours,0.0001,False
random_forest,MAE_hours,0.0091,False
representation,MAE_hours,0.6977,False
standard_boosting,MAE_hours,0.0015,False
subspace_ridge,MAE_hours,0.0263,False
tcn,MAE_hours,0.0014,False
attention,normalized_interval_score,0.5712,False
custom_boosting,normalized_interval_score,0.0108,False
random_forest,normalized_interval_score,0.0283,False
representation,normalized_interval_score,0.3594,False
standard_boosting,normalized_interval_score,0.0074,False
subspace_ridge,normalized_interval_score,0.0227,False
tcn,normalized_interval_score,0.0002,False
attention,interval_score_hours,0.4051,False
custom_boosting,interval_score_hours,0.0067,False
random_forest,interval_score_hours,0.0462,False
representation,interval_score_hours,0.4136,False
standard_boosting,interval_score_hours,0.0588,False
subspace_ridge,interval_score_hours,0.0696,False
tcn,interval_score_hours,0.0,False
attention,asymmetric_5,0.5791,False
custom_boosting,asymmetric_5,0.0,False
random_forest,asymmetric_5,0.0138,False
representation,asymmetric_5,0.322,False
standard_boosting,asymmetric_5,0.0,False
subspace_ridge,asymmetric_5,0.0064,False
tcn,asymmetric_5,0.0787,False
attention,asymmetric_10,0.6074,False
custom_boosting,asymmetric_10,0.0,False
random_forest,asymmetric_10,0.0109,False
representation,asymmetric_10,0.2957,False
standard_boosting,asymmetric_10,0.0,False
subspace_ridge,asymmetric_10,0.0057,False
tcn,asymmetric_10,0.0803,False
attention,coverage_error,0.4327,False
custom_boosting,coverage_error,0.0078,False
random_forest,coverage_error,0.0146,False
representation,coverage_error,0.3654,False
standard_boosting,coverage_error,0.0797,False
subspace_ridge,coverage_error,0.0761,False
tcn,coverage_error,0.0237,False
attention,alpha_lambda_accuracy,0.050021666666666666,True
custom_boosting,alpha_lambda_accuracy,0.008016666666666667,True
random_forest,alpha_lambda_accuracy,0.048138333333333325,True
representation,alpha_lambda_accuracy,0.30634666666666666,True
standard_boosting,alpha_lambda_accuracy,0.568355,True
subspace_ridge,alpha_lambda_accuracy,0.0,True
tcn,alpha_lambda_accuracy,0.019121666666666665,True
attention,prognostic_horizon_fraction,0.14285714285714282,True
custom_boosting,prognostic_horizon_fraction,0.14285714285714282,True
random_forest,prognostic_horizon_fraction,0.14285714285714282,True
representation,prognostic_horizon_fraction,0.14285714285714282,True
standard_boosting,prognostic_horizon_fraction,0.14285714285714282,True
subspace_ridge,prognostic_horizon_fraction,0.14285714285714282,True
tcn,prognostic_horizon_fraction,0.14285714285714282,True
